Workbook

Sheet Query
B1: Query to collect all data
B3: Query 1 | C3: Query 2 | D3: Query 3 | E3: Query 4
B4: SELECT ident.id, basic.otype, basic.ra, basic.dec, mesDistance.dist, mesDistance.unit, allfluxes.V, basic.oid FROM basic JOIN ident ON basic.oid = ident.oidref LEFT JOIN mesDistance ON basic.oid = mesDistance.oidref LEFT JOIN allfluxes ON basic.oid = allfluxes.oidref WHERE ident.id IN ('Laniakea Supercluster', 'Virgo Supercluster', 'Local Group', 'Milky Way Group', 'Large Magellanic Cloud', 'Small Magellanic Cloud', 'Sgr Dwarf Galaxy', 'Sculptor Dwarf Galaxy', 'Canis Major Dwarf Galaxy', 'Fornax Dwarf Galaxy', 'Draco Dwarf Galaxy', 'Carina Dwarf Galaxy', 'Phoenix Dwarf Galaxy', 'UMi Galaxy', 'Hercules Dwarf Galaxy', 'Sextans Dwarf Galaxy', 'Pisces I', 'Pisces II', 'Coma Dwarf Galaxy', 'UMa I Galaxy', 'UMa II Galaxy', 'CVn I dSph', 'CVn II dSph', 'Leo I Dwarf Galaxy', 'Leo II Dwarf Galaxy', 'Leo IV Dwarf Galaxy', 'Leo V', 'Leo T Dwarf', 'Bootes I', 'Bootes II', 'Bootes III', 'Segue 2', 'Andromeda Group', 'Andromeda Galaxy', 'Triangulum Galaxy', 'M 32', 'M 110', 'NGC 185', 'NGC 147', 'Pegasus Dwarf', 'Andromeda I', 'Andromeda II', 'Andromeda III', 'Andromeda V', 'Pegasus Dwarf Galaxy', 'Cassiopeia Dwarf Galaxy', 'Andromeda IX', 'Andromeda X', 'Andromeda XI', 'Andromeda XII', 'Pisces III', 'Pisces IV', 'Andromeda XV', 'Pisces V', 'Andromeda XVII', 'Andromeda XVIII', 'Andromeda XIX', 'Andromeda XX', 'Andromeda XXI', 'Andromeda XXII', 'Andromeda XXIII', 'Andromeda XXIV', 'Andromeda XXV', 'Andromeda XXVI', 'Andromeda XXVII', 'Andromeda XXVIII', 'Andromeda XXIX', 'Cassiopeia II', 'Andromeda XXXI', 'Cassiopeia III', 'Perseus I Dwarf Galaxy', 'NGC 3109 Group', 'NGC 3109', 'Sextans A', 'Sextans B', 'Antlia Dwarf Galaxy', 'Barnard''s Galaxy', 'Aquarius Dwarf Galaxy', 'Cetus Dwarf Galaxy', 'IC 1613', 'Wolf-Lundmark-Melotte', 'Sag dIG', 'Leo A', 'Tucana Dwarf Galaxy', 'Maffei Group', 'Cam A', 'Cam B', 'LEDA 95594', 'Cas 1', 'Cas 2', 'IC 342', 'LEDA 166077', 'NGC 1560', 'NGC 1569', 'UGC 2773', 'UGCA 86', 'UGCA 92', 'UGCA 105', 'Mailyan 16', 'Dwingeloo 1', 'Dwingeloo 2', 'LEDA 2807103', 'LEDA 168300', 'LEDA 2807107', 'Maffei 1', 'Maffei 2', 'LEDA 166068', 'LEDA 3097825', 'LEDA 166069', 'Sculptor Group', 'NGC 253', 'NGC 55', 'NGC 300', 'NGC 247', 'NGC 7793', 'IC 5152', 'NGC 625', 'LEDA 6430', 'NGC 59', 'UGCA 442', 'UGCA 438', 'LEDA 1038', 'LEDA 72675', 'IC 1574', 'UGCA 15', 'LEDA 621', 'LEDA 1641', 'LEDA 2881', 'LEDA 2933', 'Sculptor dE1', 'LEDA 69468', 'M81 Group', 'M 81', 'NGC 2403', 'NGC 4236', 'IC 2574', 'M 82', 'NGC 2366', 'UGC 4305', 'NGC 2976', 'NGC 3077', 'NGC 4605', 'UGC 5139', 'NGC 5204', 'NGC 3738', 'UGC 5336', 'UGC 5692', 'UGC 5918', 'UGC 8201', 'UGCA 133', 'LEDA 23521', 'LEDA 30664', 'UGC 3794', 'UGC 4459', 'UGC 4483', 'UGC 4945', 'UGC 5423', 'UGC 5428', 'UGC 5442', 'UGC 6456', 'UGCA 220', 'NGC 4144', 'IKN', 'NGC 4068', 'F8D1', 'LEDA 166101', 'LEDA 28759', 'NGC 2537', 'UGC 4426', 'UGC 8508', 'UGC 7242', 'UGC 6541', 'LEDA 4689216', 'LEDA 28731', 'VKN', 'LEDA 31286', 'UGC 7298', 'LEDA 3097828', 'LEDA 29231', 'UGCA 281', 'LEDA 2807133', 'LEDA 166115', 'LEDA 50911', 'LEDA 28529', 'LEDA 32667', '[KKH2001] 79', 'LEDA 29167', 'HIJASS J1021+68', 'M 83 Group', 'NGC 5128 Group', 'LEDA 2815820', 'Cen N', 'Centaurus A', 'LEDA 166158', 'LEDA 2815824', 'LEDA 592761', 'LEDA 4614882', 'LEDA 3097113', 'LEDA 2815819', 'LEDA 559349', 'LEDA 2815823', 'LEDA 166152', 'LEDA 166167', 'LEDA 166172', 'LEDA 166175', 'LEDA 166179', 'NGC 4945', 'NGC 5102', 'NGC 5206', 'NGC 5237', 'LEDA 45104', 'LEDA 45717', 'LEDA 45916', 'LEDA 46663', 'LEDA 46680', 'LEDA 47171', 'LEDA 48515', 'LEDA 48738', 'LEDA 49615', 'AM 1321-304', 'LEDA 2815821', 'LEDA 166176', 'HIDEEP J1336-3321', 'IC 4247', 'IC 4316', 'LEDA 166170', 'LEDA 166163', 'LEDA 166164', 'M 83', 'NGC 5253', 'NGC 5264', 'LEDA 47885', 'LEDA 48111', 'UGCA 365', 'Canes Venatici Cloud', 'IC 3687', 'IC 4182', 'M 94', 'NGC 4190', 'NGC 4214', 'NGC 4244', 'NGC 4395', 'NGC 4449', 'UGC 6817', 'UGC 7559', 'UGC 7577', 'UGC 7698', 'UGC 8320', 'NGC 4631 Group', 'NGC 4631', 'NGC 4656', 'NGC 4657', 'NGC 4627', 'Leo I Group', 'M 96 Group', 'M 95', 'M 96', 'M 105', 'NGC 3299', 'NGC 3377', 'NGC 3384', 'NGC 3412', 'NGC 3489', 'M 66 Group', 'M 65', 'M 66', 'NGC 3628', 'Dorado Group', 'IC 2056', 'NGC 1543', 'NGC 1574', 'NGC 1533', 'NGC 1546', 'NGC 1553', 'NGC 1549', 'NGC 1566', 'NGC 1617', 'NGC 1515', 'NGC 1705', 'NGC 1596', 'IC 2049', 'NGC 1536', 'LEDA 390135', 'IC 2038', 'LEDA 75146', 'IC 2058', 'IC 2032', 'NGC 1602', 'NGC 1522', 'ESO 118-19', 'ESO 157-30', 'ESO 157-47', 'ESO 157-49', 'IC 2085', 'NGC 1581', 'ACO 3202', 'Fornax Cluster', 'ESO 357-7', 'ESO 357-12', 'IC 1913', 'NGC 1310', 'LEDA 12625', 'NGC 1316', 'NGC 1317', 'NGC 1326', 'NGC 1326A', 'NGC 1326B', 'IC 1919', 'NGC 1336', 'NGC 1341', 'NGC 1339', 'NGC 1344', 'ESO 358-9', 'ESO 358-10', 'NGC 1351', 'NGC 1350', 'NGC 1365', 'NGC 1366', 'NGC 1374', 'NGC 1375', 'IC 335', 'NGC 1379', 'NGC 1380', 'NGC 1381', 'NGC 1369', 'NGC 1386', 'NGC 1380A', 'NGC 1387', 'NGC 1382', 'NGC 1389', 'NGC 1396', 'NGC 1399', 'NGC 1404', 'NGC 1406', 'NGC 1427A', 'ESO 358-50', 'ESO 358-51', 'NGC 1425', 'NGC 1427', 'NGC 1428', 'NGC 1437A', 'NGC 1436', 'ESO 358-60', 'NGC 1437B', 'NGC 1460', 'LEDA 13809', 'IC 1993', 'ESO 302-9', 'ESO 302-14', 'ESO 359-3', 'NGC 1484', 'IC 2006', 'NGC 1531', 'NGC 1532', 'Virgo Cluster', 'NGC 4192', 'NGC 4216', 'NGC 4254', 'NGC 4303', 'NGC 4321', 'NGC 4365', 'NGC 4374', 'NGC 4382', 'NGC 4406', 'NGC 4429', 'NGC 4438', 'NGC 4442', 'NGC 4450', 'NGC 4459', 'NGC 4472', 'NGC 4473', 'NGC 4477', 'NGC 4486', 'NGC 4501', 'NGC 4526', 'NGC 4535', 'NGC 4548', 'NGC 4552', 'NGC 4569', 'NGC 4579', 'NGC 4596', 'NGC 4621', 'NGC 4654', 'NGC 4649', 'NGC 4762', 'Leo II Group', 'NGC 3156', 'NGC 3165', 'NGC 3166', 'NGC 3169', 'NGC 3162', 'NGC 3177', 'NGC 3185', 'NGC 3187', 'NGC 3190', 'NGC 3193', 'UGC 5574', 'NGC 3213', 'NGC 3226', 'NGC 3227', 'UGC 5675', 'NGC 3245A', 'NGC 3245', 'NGC 3254', 'NGC 3265', 'NGC 3277', 'NGC 3338', 'UGC 5832', 'NGC 3346', 'NGC 3389', 'NGC 3370', 'UGC 5945', 'NGC 3443', 'NGC 3447', 'NGC 3454', 'NGC 3455', 'NGC 3457', 'NGC 3381', 'IC 2604', 'NGC 3395', 'NGC 3396', 'NGC 3424', 'NGC 3430', 'NGC 3442', 'NGC 3380', 'UGC 5921', 'NGC 3400', 'NGC 3414', 'NGC 3418', 'NGC 3451', 'NGC 3504', 'NGC 3512', 'UGC 6112', 'NGC 3501', 'NGC 3507', 'UGC 6171', 'NGC 3592', 'NGC 3607', 'NGC 3608', 'NGC 3626', 'NGC 3655', 'NGC 3659', 'NGC 3681', 'NGC 3684', 'NGC 3686', 'NGC 3691', 'NGC 3630', 'NGC 3640', 'NGC 3664', 'NGC 3755', 'UGC 6603', 'NGC 3813', 'NGC 3098', 'UGC 5633', 'UGC 5708', 'NGC 3279', 'NGC 3287', 'NGC 3294', 'NGC 3301', 'NGC 3365', 'NGC 3423', 'NGC 3437', 'NGC 3485', 'NGC 3495', 'NGC 3547', 'NGC 3596', 'NGC 3666', 'NGC 3705', 'NGC 3810', 'UGC 6670', 'Ursa Major Cluster', 'NGC 3631', 'NGC 3953', 'M 109', 'NGC 3726', 'NGC 3938', 'NGC 4051', 'Virgo III Cloud', 'NGC 5248', 'UGC 8575', 'UGC 8614', 'NGC 5300', 'NGC 5348', 'NGC 5356', 'NGC 5360', 'NGC 5363', 'NGC 5364', 'IC 976', 'NGC 5496', 'NGC 5506', 'NGC 5507', 'UGC 9057', 'NGC 5560', 'NGC 5566', 'NGC 5569', 'NGC 5574', 'NGC 5576', 'NGC 5577', 'UGC 9215', 'IC 1024', 'NGC 5636', 'NGC 5638', 'NGC 5668', 'UGC 9310', 'UGC 9380', 'NGC 5658', 'NGC 5690', 'NGC 5691', 'NGC 5692', 'NGC 5705', 'NGC 5713', 'NGC 5719', 'NGC 5725', 'NGC 5740', 'NGC 5746', 'NGC 5750', 'UGC 9299', 'UGC 9469', 'UGC 9482', 'IC 1066', 'IC 1067', 'IC 1070', 'NGC 5770', 'NGC 5774', 'NGC 5775', 'NGC 5813', 'NGC 5831', 'NGC 5846', 'NGC 5846A', 'NGC 5854', 'NGC 5864', 'NGC 5869', 'UGC 9746', 'UGC 9751', 'UGC 9760', 'IC 1014', 'NGC 5334', 'NGC 5470', 'NGC 5584', 'NGC 5645', 'NGC 5669', 'NGC 5701', 'NGC 5792', 'NGC 5806', 'NGC 5838', 'NGC 5921', 'UGC 9169', 'UGC 9500', 'Eridanus Cluster', 'NGC 1232', 'IC 1898', 'NGC 1258', 'NGC 1297', 'NGC 1300', 'NGC 1325', 'NGC 1325A', 'NGC 1332', 'NGC 1347', 'NGC 1353', 'IC 1952', 'IC 1953', 'NGC 1359', 'NGC 1371', 'NGC 1370', 'NGC 1377', 'NGC 1385', 'NGC 1383', 'NGC 1395', 'NGC 1398', 'NGC 1401', 'NGC 1400', 'NGC 1407', 'NGC 1415', 'IC 346', 'NGC 1426', 'NGC 1439', 'NGC 1440', 'NGC 1438', 'NGC 1452', 'ESO 549-18', 'ESO 482-46', 'NGC 1482', 'Hydra-Cen Supercluster', 'Centaurus Supercluster', 'ACO 3565', 'IC 4296', 'IC 4329 Group', 'IC 4329', 'NGC 5298', 'NGC 5291', 'NGC 5302', 'ACO 3581', 'IC 4374', 'Centaurus Cluster', 'NGC 4696', 'NGC 4709', 'NGC 4729', 'NGC 4730', 'NGC 4743', 'HYDRA SUPERCL', 'Hydra Cluster', 'NGC 3309', 'NGC 3311', 'Great Attractor', 'Norma Cluster', 'SCL 175', 'ACO 3656', 'ACO 3698', 'ACO 3742', 'NGC 7014', 'King Ghidorah Supercluster', 'Saraswati supercluster', 'Shapley Supercluster', 'Hercules Supercluster', 'Coma Supercluster', 'Coma Cluster', 'NGC 4889', 'NGC 4872', 'Leo Cluster', 'NGC 3842', 'NGC 3883', 'NGC 3884', 'Per-Psc Supercluster', 'ACO 262', 'ACO 347', 'Perseus Cluster', 'Sculptor Supercluster', 'Pisces-Cetus Supercluster', 'Columba Supercluster', 'LEO SUPERCL', 'NGC 3550', 'Ophiuchus Supercluster', 'Bootes A Supercluster', 'CrB Supercluster', 'Aquarius-Cetus Supercluster', 'Lepus Supercluster', 'PEGASUS-PISCES SUPERCL', 'CAELUM SUPERCL', 'Draco Supercluster', 'DRACO-URSA MAJORIS SUPERC', 'Fornax-Eridanus Supercluster', 'Grus Supercluster', 'Leo A Supercluster', 'Leo-Sextans Supercluster', 'LEO-VIRGO SUPERCL', 'MICROSCOPIUM SUPERCL', 'Pisces-Aries Supercluster', 'UMa Supercluster', 'VIRGO-COMA SUPERCL', 'Bootes Supercluster', 'SCl 48', 'SCl 49', 'Aquarius Supercluster', 'Aquarius B Supercluster', 'AQR-CAP SUPERCL'); | C4: SELECT ident.id, basic.otype, basic.ra, basic.dec, mesDistance.dist, mesDistance.unit, allfluxes.V, basic.oid FROM basic JOIN ident ON basic.oid = ident.oidref LEFT JOIN mesDistance ON basic.oid = mesDistance.oidref LEFT JOIN allfluxes ON basic.oid = allfluxes.oidref WHERE ident.id IN ('M 1', 'M 2', 'M 3', 'M 4', 'M 5', 'M 6', 'M 7', 'M 8', 'M 9', 'M 10', 'M 11', 'M 12', 'M 13', 'M 14', 'M 15', 'M 16', 'M 17', 'M 18', 'M 19', 'M 20', 'M 21', 'M 22', 'M 23', 'M 24', 'M 25', 'M 26', 'M 27', 'M 28', 'M 29', 'M 30', 'M 34', 'M 35', 'M 36', 'M 37', 'M 38', 'M 39', 'M 40', 'M 41', 'M 42', 'M 43', 'M 44', 'M 45', 'M 46', 'M 47', 'M 48', 'M 50', 'M 52', 'M 53', 'M 54', 'M 55', 'M 56', 'M 57', 'M 62', 'M 67', 'M 68', 'M 69', 'M 70', 'M 71', 'M 72', 'M 73', 'M 75', 'M 76', 'M 78', 'M 79', 'M 80', 'M 92', 'M 93', 'M 97', 'M 103', 'M 107', 'Proxima Centauri', 'Barnard''s star', 'Wolf 359', 'LAL 21185', 'GJ 65', 'V* UV Cet', 'Ross 154', 'Ross 248', '* eps Eri', 'Ross 128', 'V* EZ Aqr', '* 61 Cyg A', '* 61 Cyg B', '* eps Ind', '* tau Cet', 'GJ 725 A', 'GJ 725 B', 'Gmb 34', 'Lacaille 9352', 'G 51-15', 'V* YZ Cet', 'Sirius A', 'Sirius B', 'Canopus', '* alf Cen A', '* alf Cen B', 'Arcturus', 'Vega', 'Capella', 'Rigel', 'Procyon A', 'Procyon B', 'Betelgeuse', 'Achernar', 'Hadar', 'Altair', 'Acrux', 'Aldebaran', 'Spica', 'Antares', 'Pollux', 'Fomalhaut', 'Mimosa', 'Deneb', 'Regulus', 'Adhara', 'Castor', 'Gacrux', 'Shaula', 'Bellatrix', 'Elnath', 'Miaplacidus', 'Alnilam', 'Alnair', 'Alnitak', '* gam Vel', 'Alioth', 'Mirfak', 'Kaus Australis', 'Dubhe', 'Wezen', 'Alkaid', 'Avior', 'Sargas', 'Menkalinan', 'Atria', 'Alhena', 'Alsephina', 'Peacock', 'Polaris', 'Mirzam', 'Alphard', 'Hamal', 'Algieba', 'Diphda', 'Nunki', 'Menkent', 'Alpheratz', 'Saiph', 'Mirach', 'Kochab', 'Tiaki', 'Rasalhague', 'Algol', 'Almach', 'Denebola', '* gam Cas', 'Muliphein', 'Naos', 'Aspidiske', 'Alphecca', 'Suhail', 'Mizar', 'Sadr', 'Schedar', 'Eltanin', 'Mintaka', 'Caph', '* eps Cen', 'Dschubba', 'Larawag', '* alf Lup', '* eta Cen', 'Merak', 'Izar', 'Enif', '* kap Sco', 'Ankaa', 'Phecda', 'Sabik', 'Scheat', 'Alderamin', 'Aludra', 'Markeb', 'Aljanah', 'Markab', 'Menkar', '* zet Oph', '* zet Cen', 'Zosma', '* bet Sco', 'Arneb', '* del Cen', '* gam Crv', 'V* UY Sct', 'M 51', 'M 63', 'M 64', 'M 74', 'M 77', 'M 101', 'M 102', 'M 104', 'M 106', 'M 108'); | D4: SELECT ident.id, basic.otype, basic.ra, basic.dec, mesDistance.dist, mesDistance.unit, allfluxes.V, basic.oid FROM basic JOIN ident ON basic.oid = ident.oidref LEFT JOIN mesDistance ON basic.oid = mesDistance.oidref LEFT JOIN allfluxes ON basic.oid = allfluxes.oidref WHERE ident.id IN ('IC1101'); | E4: SELECT ident.id, basic.otype, basic.ra, basic.dec, mesDistance.dist, mesDistance.unit, allfluxes.V, basic.oid FROM basic JOIN ident ON basic.oid = ident.oidref LEFT JOIN mesDistance ON basic.oid = mesDistance.oidref LEFT JOIN allfluxes ON basic.oid = allfluxes.oidref WHERE ident.id IN ('Luhman 16','CNS5 2194','LHS 1565');

Sheet ObjectStructure
B1: 1 | C1: 2 | D1: 3 | E1: 4 | F1: 5 | G1: 6 | H1: Simbad Name
B2: Laniakea-Superhaufen | H2: Laniakea Supercluster
C3: Virgo-Superhaufen | H3: Virgo Supercluster
D4: Lokale Gruppe | H4: Local Group
E5: Milky Way Group | H5: Milky Way Group
G6: M 1 | H6: M 1
G7: M 2 | H7: M 2
G8: M 3 | H8: M 3
G9: M 4 | H9: M 4
G10: M 5 | H10: M 5
G11: M 6 | H11: M 6
G12: M 7 | H12: M 7
G13: M 8 | H13: M 8
G14: M 9 | H14: M 9
G15: M 10 | H15: M 10
G16: M 11 | H16: M 11
G17: M 12 | H17: M 12
... G75: M 107 | H75: M 107
G76: Proxima Centauri | H76: Proxima Centauri | I76: https://en.wikipedia.org/wiki/List_of_nearest_stars
G77: Barnards Star | H77: Barnard''s star | I77: https://en.wikipedia.org/wiki/List_of_nearest_stars
G78: Wolf 359 | H78: Wolf 359 | I78: https://en.wikipedia.org/wiki/List_of_nearest_stars
G79: Lalande21185 | H79: LAL 21185 | I79: https://en.wikipedia.org/wiki/List_of_nearest_stars
G80: BL Ceti | H80: GJ 65 | I80: https://en.wikipedia.org/wiki/List_of_nearest_stars | M80: war GJ 65
G81: UV Ceti | H81: V* UV Cet | I81: https://en.wikipedia.org/wiki/List_of_nearest_stars
G82: Ross 154 | H82: Ross 154 | I82: https://en.wikipedia.org/wiki/List_of_nearest_stars
G83: Ross 248 | H83: Ross 248 | I83: https://en.wikipedia.org/wiki/List_of_nearest_stars
G84: Epsilon Eridani | H84: * eps Eri | I84: https://en.wikipedia.org/wiki/List_of_nearest_stars
G85: Ross 128 | H85: Ross 128 | I85: https://en.wikipedia.org/wiki/List_of_nearest_stars
G86: EZ Aquarii | H86: V* EZ Aqr | I86: https://en.wikipedia.org/wiki/List_of_nearest_stars
G87: 61 Cygni A | H87: * 61 Cyg A | I87: https://en.wikipedia.org/wiki/List_of_nearest_stars
G88: 61 Cygni B | H88: * 61 Cyg B | I88: https://en.wikipedia.org/wiki/List_of_nearest_stars
G89: Epsilon Indi | H89: * eps Ind | I89: https://en.wikipedia.org/wiki/List_of_nearest_stars
G90: Tau Ceti | H90: * tau Cet | I90: https://en.wikipedia.org/wiki/List_of_nearest_stars
G91: Gliese 725 A | H91: GJ 725 A | I91: https://en.wikipedia.org/wiki/List_of_nearest_stars | M91: war GJ 725 A
G92: Gliese 725 B | H92: GJ 725 B | I92: https://en.wikipedia.org/wiki/List_of_nearest_stars | M92: war GJ 725 B
G93: Groombridge 34 | H93: Gmb 34 | I93: https://en.wikipedia.org/wiki/List_of_nearest_stars
G94: Lacaille 9352 | H94: Lacaille 9352 | I94: https://en.wikipedia.org/wiki/List_of_nearest_stars
G95: G 51-15 | H95: G 51-15 | I95: https://en.wikipedia.org/wiki/List_of_nearest_stars
G96: YZ Ceti | H96: V* YZ Cet | I96: https://en.wikipedia.org/wiki/List_of_nearest_stars
G97: Sirius A | H97: Sirius A | I97: https://en.wikipedia.org/wiki/List_of_nearest_stars
G98: Sirius B | H98: Sirius B | I98: https://en.wikipedia.org/wiki/List_of_nearest_stars
G99: Canopus | H99: Canopus
G100: Alpha Centauri A | H100: * alf Cen A | I100: https://en.wikipedia.org/wiki/List_of_nearest_stars
G101: Alpha Centauri B | H101: * alf Cen B | I101: https://en.wikipedia.org/wiki/List_of_nearest_stars
G102: Arktur | H102: Arcturus
G103: Wega | H103: Vega
G104: Capella | H104: Capella
G105: Rigel | H105: Rigel
G106: Procyon A | H106: Procyon A | I106: https://en.wikipedia.org/wiki/List_of_nearest_stars
G107: Procyon B | H107: Procyon B | I107: https://en.wikipedia.org/wiki/List_of_nearest_stars
G108: Beteigeuze | H108: Betelgeuse
G109: Achernar | H109: Achernar
G110: Hadar | H110: Hadar
G111: Altair | H111: Altair
G112: Acrux | H112: Acrux
G113: Aldebaran | H113: Aldebaran
G114: Spika | H114: Spica
G115: Antares | H115: Antares
G116: Pollux | H116: Pollux
G117: Fomalhaut | H117: Fomalhaut
G118: Becrux | H118: Mimosa
G119: Deneb | H119: Deneb
... G200: UY Scuti | H200: V* UY Sct
F201: Great magellanic cloud | H201: Large Magellanic Cloud
F202: Small magellanic cloud | H202: Small Magellanic Cloud
F203: Sagittarius-Zwerggalaxie () | H203: Sgr Dwarf Galaxy
F204: Sculptor-Zwerggalaxie | H204: Sculptor Dwarf Galaxy
F205: Canis-Major-Zwerggalaxie | H205: Canis Major Dwarf Galaxy
F206: Fornax-Zwerggalaxie | H206: Fornax Dwarf Galaxy
F207: Draco-Zwerggalaxie | H207: Draco Dwarf Galaxy
F208: Carina-Zwerggalaxie | H208: Carina Dwarf Galaxy
F209: Phoenix-Zwerggalaxie | H209: Phoenix Dwarf Galaxy
F210: Ursa-Minor-Zwerggalaxie | H210: UMi Galaxy
F211: Hercules-Zwerggalaxie | H211: Hercules Dwarf Galaxy
F212: Sextans-Zwerggalaxie | H212: Sextans Dwarf Galaxy
... F228: Segue 2 | H228: Segue 2
E229: Andromeda Group | H229: Andromeda Group
F230: M31 | H230: Andromeda Galaxy
F231: M 33 | H231: Triangulum Galaxy
F232: M32 | H232: M 32
F233: M110 | H233: M 110
F234: NGC 185 | H234: NGC 185
F235: NGC 147 | H235: NGC 147
F236: Pegasus-Zwerggalaxie | H236: Pegasus Dwarf
F237: Andromeda I | H237: Andromeda I
F238: Andromeda II | H238: Andromeda II
F239: Andromeda III | H239: Andromeda III
F240: Andromeda V | H240: Andromeda V
F241: Pegasus II | H241: Pegasus Dwarf Galaxy
... F267: Andromeda XXXIII | H267: Perseus I Dwarf Galaxy
E268: NGC 3109 Group | H268: NGC 3109 Group
F269: NGC3109 | H269: NGC 3109
F270: Sextans A | H270: Sextans A
F271: Sextans B | H271: Sextans B
F272: Antlia-Zwerggalaxie | H272: Antlia Dwarf Galaxy
E273: Local group cloud
F274: Barnards Galaxie (NGC 6822) | H274: Barnard''s Galaxy
F275: Aquarius-Zwerggalaxie | H275: Aquarius Dwarf Galaxy
F276: Cetus-Zwerggalaxie | H276: Cetus Dwarf Galaxy
F277: IC 1613 | H277: IC 1613
...

Sheet Result Query 1
A1: id,otype,ra,dec,dist,unit,V,oid
A2: ACO 262,"ClG",28.21,36.14611111111111,,,,1580015
A3: ACO 347,"ClG",36.45833333333333,41.875,,,,26654
A4: ACO 3202,"ClG",60.05833333333333,-53.66,,,,3025978
A5: ACO 3565,"ClG",204.1625,-33.97166666666667,,,,2178312
A6: ACO 3581,"ClG",211.87416666666667,-27.017777777777777,,,,4488029
A7: ACO 3656,"GrG",299.7245833333333,-38.34527777777778,,,,2323517
A8: ACO 3698,"ClG",308.9916666666667,-25.276666666666667,,,,2398114
A9: ACO 3742,"ClG",316.67083333333335,-47.14833333333333,,,,3468556
A10: AM 1321-304,"GiC",201.15095999999997,-30.971809999999994,4.76,"Mpc ",,2144855
A11: AM 1321-304,"GiC",201.15095999999997,-30.971809999999994,4.76,"Mpc ",,2144855
A12: AM 1321-304,"GiC",201.15095999999997,-30.971809999999994,4.76,"Mpc ",,2144855
... A3488: [KKH2001] 79,"LSB",184.965,61.51833333333333,,,,503204

Sheet Result Query 2
A1: id,otype,ra,dec,dist,unit,V,oid
A2: * 61 Cyg A,"BY*",316.7247482895925,38.74941731943694,3.4965,"pc ",5.21,837
A3: * 61 Cyg A,"BY*",316.7247482895925,38.74941731943694,3.4972,"pc ",5.21,837
A4: * 61 Cyg A,"BY*",316.7247482895925,38.74941731943694,3.482,"pc ",5.21,837
A5: * 61 Cyg B,"PM*",316.7302660185276,38.74204403329556,3.4964,"pc ",6.03,676
A6: * 61 Cyg B,"PM*",316.7302660185276,38.74204403329556,3.4947,"pc ",6.03,676
A7: * 61 Cyg B,"PM*",316.7302660185276,38.74204403329556,3.503,"pc ",6.03,676
A8: * alf Cen A,"SB*",219.90205833170774,-60.83399268831004,,,0.01,3396054
A9: * alf Cen B,"PM*",219.89609628987276,-60.83752756558407,,,1.33,3396297
A10: * alf Lup,"bC*",220.4823157775,-47.38819874611111,,,2.286,3438793
A11: * bet Sco,"**",241.35929166666665,-19.80538888888889,,,2.5,2529096
A12: * del Cen,"Be*",182.08957348875,-50.722427392777774,163.0,"pc ",2.52,3282937
... A559: Wolf 359,"PM*",164.1205036259475,7.014723134801666,2.0,"pc ",13.507,1769389

Sheet Result Query 3
A1: id,otype,ra,dec,dist,unit,V,oid
A2: IC 1101,"rG",227.733751,5.744775,,,,2678165

Sheet Result Query 4
A1: id | B1: otype | C1: ra | D1: dec | E1: dist | F1: unit | G1: V | H1: oid
A2: CNS5 2194 | B2: BD* | C2: 133.81890825 | D2: -7.247048000000001 | H2: 8596164
A3: LHS 1565 | B3: PM* | C3: 53.998746505525006 | D3: -44.51270300849139 | E3: 3.6742 | F3: pc | G3: 13.07 | H3: 2984511
A4: LHS 1565 | B4: PM* | C4: 53.998746505525006 | D4: -44.51270300849139 | E4: 3.6732 | F4: pc | G4: 13.07 | H4: 2984511
A5: Luhman 16 | B5: ** | C5: 162.32881400000002 | D5: -53.319466000000006 | E5: 2 | F5: pc | G5: 16.2 | H5: 8048683

Sheet Objects_prepared
A1: id | B1: otype | C1: ra | D1: dec | E1: dist | F1: unit | G1: V | H1: oid | I1: distLj | J1: distLj_Mean | K1: distLj_dev | L1: 50% Check | N1: 1Mpc | O1: 3261563.8 | P1: Lj | R1: 1kpc | S1: 3261.5638 | T1: Lj | V1: 1pc | W1: 3.2615638 | X1: Lj
A2: ACO 262 | B2: ClG | C2: 28.21 | D2: 36.14611111111111 | E2: 200000000 | F2: Lj | H2: 1580015 | I2: =_xlfn.IFS(F2="Mpc",E2*$O$1,F2="kpc",E2*$S$1,F2="pc",E2*$W$1,F2="Lj",E2,E2="",0) -> 200000000 | J2: =AVERAGEIFS(I:I,A:A,A2) -> 200000000 | K2: =(I2/J2-1)*100 -> 0 | L2: =IF(K2>50,"Groesser50",IF(K2<-50,"Kleiner -50","OK")) -> OK | M2: https://de.wikipedia.org/wiki/Abell_262
A3: ACO 347 | B3: ClG | C3: 36.45833333333333 | D3: 41.875 | E3: 250000000 | F3: Lj | H3: 26654 | I3: =_xlfn.IFS(F3="Mpc",E3*$O$1,F3="kpc",E3*$S$1,F3="pc",E3*$W$1,F3="Lj",E3,E3="",0) -> 250000000 | J3: =AVERAGEIFS(I:I,A:A,A3) -> 250000000 | K3: =(I3/J3-1)*100 -> 0 | L3: =IF(K3>50,"Groesser50",IF(K3<-50,"Kleiner -50","OK")) -> OK | M3: https://www.spektrum.de/alias/wunder-des-weltalls/abell-347-in-andromeda/1926976
A4: ACO 3202 | B4: ClG | C4: 60.05833333333333 | D4: -53.66 | E4: 920000000 | F4: Lj | H4: 3025978 | I4: =_xlfn.IFS(F4="Mpc",E4*$O$1,F4="kpc",E4*$S$1,F4="pc",E4*$W$1,F4="Lj",E4,E4="",0) -> 920000000 | J4: =AVERAGEIFS(I:I,A:A,A4) -> 920000000 | K4: =(I4/J4-1)*100 -> 0 | L4: =IF(K4>50,"Groesser50",IF(K4<-50,"Kleiner -50","OK")) -> OK | M4: http://www.andromedagalaxie.de/html/superhaufen_horologium.htm
A5: ACO 3565 | B5: ClG | C5: 204.1625 | D5: -33.97166666666667 | E5: 161000000 | F5: Lj | H5: 2178312 | I5: =_xlfn.IFS(F5="Mpc",E5*$O$1,F5="kpc",E5*$S$1,F5="pc",E5*$W$1,F5="Lj",E5,E5="",0) -> 161000000 | J5: =AVERAGEIFS(I:I,A:A,A5) -> 161000000 | K5: =(I5/J5-1)*100 -> 0 | L5: =IF(K5>50,"Groesser50",IF(K5<-50,"Kleiner -50","OK")) -> OK | M5: https://de.wikipedia.org/wiki/IC_4296
A6: ACO 3581 | B6: ClG | C6: 211.87416666666667 | D6: -27.017777777777777 | E6: 278000000 | F6: Lj | H6: 4488029 | I6: =_xlfn.IFS(F6="Mpc",E6*$O$1,F6="kpc",E6*$S$1,F6="pc",E6*$W$1,F6="Lj",E6,E6="",0) -> 278000000 | J6: =AVERAGEIFS(I:I,A:A,A6) -> 278000000 | K6: =(I6/J6-1)*100 -> 0 | L6: =IF(K6>50,"Groesser50",IF(K6<-50,"Kleiner -50","OK")) -> OK | M6: https://de.wikipedia.org/wiki/IC_4374
A7: ACO 3656 | B7: GrG | C7: 299.7245833333333 | D7: -38.34527777777778 | E7: 269000000 | F7: Lj | H7: 2323517 | I7: =_xlfn.IFS(F7="Mpc",E7*$O$1,F7="kpc",E7*$S$1,F7="pc",E7*$W$1,F7="Lj",E7,E7="",0) -> 269000000 | J7: =AVERAGEIFS(I:I,A:A,A7) -> 269000000 | K7: =(I7/J7-1)*100 -> 0 | L7: =IF(K7>50,"Groesser50",IF(K7<-50,"Kleiner -50","OK")) -> OK | M7: https://de.wikipedia.org/wiki/IC_4931
A8: ACO 3698 | B8: ClG | C8: 308.9916666666667 | D8: -25.276666666666667 | E8: 264000000 | F8: Lj | H8: 2398114 | I8: =_xlfn.IFS(F8="Mpc",E8*$O$1,F8="kpc",E8*$S$1,F8="pc",E8*$W$1,F8="Lj",E8,E8="",0) -> 264000000 | J8: =AVERAGEIFS(I:I,A:A,A8) -> 264000000 | K8: =(I8/J8-1)*100 -> 0 | L8: =IF(K8>50,"Groesser50",IF(K8<-50,"Kleiner -50","OK")) -> OK | M8: https://de.wikipedia.org/wiki/NGC_6936
A9: ACO 3742 | B9: ClG | C9: 316.67083333333335 | D9: -47.14833333333333 | E9: 70 | F9: Mpc | H9: 3468556 | I9: =_xlfn.IFS(F9="Mpc",E9*$O$1,F9="kpc",E9*$S$1,F9="pc",E9*$W$1,F9="Lj",E9,E9="",0) -> 2.2830946e+08 | J9: =AVERAGEIFS(I:I,A:A,A9) -> 2.2830946e+08 | K9: =(I9/J9-1)*100 -> 0 | L9: =IF(K9>50,"Groesser50",IF(K9<-50,"Kleiner -50","OK")) -> OK | M9: https://simbad.u-strasbg.fr/simbad/sim-id?mescat.distance=on&Ident=%403468574&Name=ESO+286-49&submit=display+selected+measurements#lab_meas
A10: AM 1321-304 | B10: GiC | C10: 201.15095999999997 | D10: -30.971809999999994 | E10: 4.76 | F10: Mpc | H10: 2144855 | I10: =_xlfn.IFS(F10="Mpc",E10*$O$1,F10="kpc",E10*$S$1,F10="pc",E10*$W$1,F10="Lj",E10,E10="",0) -> 15525044 | J10: =AVERAGEIFS(I:I,A:A,A10) -> 15519608 | K10: =(I10/J10-1)*100 -> 0.03502627 | L10: =IF(K10>50,"Groesser50",IF(K10<-50,"Kleiner -50","OK")) -> OK
A11: AM 1321-304 | B11: GiC | C11: 201.15095999999997 | D11: -30.971809999999994 | E11: 4.76 | F11: Mpc | H11: 2144855 | I11: =_xlfn.IFS(F11="Mpc",E11*$O$1,F11="kpc",E11*$S$1,F11="pc",E11*$W$1,F11="Lj",E11,E11="",0) -> 15525044 | J11: =AVERAGEIFS(I:I,A:A,A11) -> 15519608 | K11: =(I11/J11-1)*100 -> 0.03502627 | L11: =IF(K11>50,"Groesser50",IF(K11<-50,"Kleiner -50","OK")) -> OK
A12: AM 1321-304 | B12: GiC | C12: 201.15095999999997 | D12: -30.971809999999994 | E12: 4.76 | F12: Mpc | H12: 2144855 | I12: =_xlfn.IFS(F12="Mpc",E12*$O$1,F12="kpc",E12*$S$1,F12="pc",E12*$W$1,F12="Lj",E12,E12="",0) -> 15525044 | J12: =AVERAGEIFS(I:I,A:A,A12) -> 15519608 | K12: =(I12/J12-1)*100 -> 0.03502627 | L12: =IF(K12>50,"Groesser50",IF(K12<-50,"Kleiner -50","OK")) -> OK
A13: AM 1321-304 | B13: GiC | C13: 201.15095999999997 | D13: -30.971809999999994 | E13: 4.76 | F13: Mpc | H13: 2144855 | I13: =_xlfn.IFS(F13="Mpc",E13*$O$1,F13="kpc",E13*$S$1,F13="pc",E13*$W$1,F13="Lj",E13,E13="",0) -> 15525044 | J13: =AVERAGEIFS(I:I,A:A,A13) -> 15519608 | K13: =(I13/J13-1)*100 -> 0.03502627 | L13: =IF(K13>50,"Groesser50",IF(K13<-50,"Kleiner -50","OK")) -> OK
A14: AM 1321-304 | B14: GiC | C14: 201.15095999999997 | D14: -30.971809999999994 | E14: 4.88 | F14: Mpc | H14: 2144855 | I14: =_xlfn.IFS(F14="Mpc",E14*$O$1,F14="kpc",E14*$S$1,F14="pc",E14*$W$1,F14="Lj",E14,E14="",0) -> 15916431 | J14: =AVERAGEIFS(I:I,A:A,A14) -> 15519608 | K14: =(I14/J14-1)*100 -> 2.5569177 | L14: =IF(K14>50,"Groesser50",IF(K14<-50,"Kleiner -50","OK")) -> OK
A15: AM 1321-304 | B15: GiC | C15: 201.15095999999997 | D15: -30.971809999999994 | E15: 4.63 | F15: Mpc | H15: 2144855 | I15: =_xlfn.IFS(F15="Mpc",E15*$O$1,F15="kpc",E15*$S$1,F15="pc",E15*$W$1,F15="Lj",E15,E15="",0) -> 15101040 | J15: =AVERAGEIFS(I:I,A:A,A15) -> 15519608 | K15: =(I15/J15-1)*100 -> -2.6970228 | L15: =IF(K15>50,"Groesser50",IF(K15<-50,"Kleiner -50","OK")) -> OK
A16: Dwingeloo 1 | B16: GiG | C16: 44.21514973175001 | D16: 58.91170468878 | E16: 4.14 | F16: Mpc | H16: 211420 | I16: =_xlfn.IFS(F16="Mpc",E16*$O$1,F16="kpc",E16*$S$1,F16="pc",E16*$W$1,F16="Lj",E16,E16="",0) -> 13502874 | J16: =AVERAGEIFS(I:I,A:A,A16) -> 13502874 | K16: =(I16/J16-1)*100 -> 0 | L16: =IF(K16>50,"Groesser50",IF(K16<-50,"Kleiner -50","OK")) -> OK
A17: Dwingeloo 2 | B17: G | C17: 43.535291666666666 | D17: 59.00530555555556 | E17: 3.48 | F17: Mpc | H17: 210233 | I17: =_xlfn.IFS(F17="Mpc",E17*$O$1,F17="kpc",E17*$S$1,F17="pc",E17*$W$1,F17="Lj",E17,E17="",0) -> 11350242 | J17: =AVERAGEIFS(I:I,A:A,A17) -> 11350242 | K17: =(I17/J17-1)*100 -> 0 | L17: =IF(K17>50,"Groesser50",IF(K17<-50,"Kleiner -50","OK")) -> OK
A18: ESO 118-19 | B18: EmG | C18: 64.74794232692 | D18: -58.25753017908001 | G18: 15.51 | H18: 3038667 | I18: =_xlfn.IFS(F18="Mpc",E18*$O$1,F18="kpc",E18*$S$1,F18="pc",E18*$W$1,F18="Lj",E18,E18="",0) -> 0 | J18: =AVERAGEIFS(I:I,A:A,A18) -> 0 | K18: =(I18/J18-1)*100 -> #DIV/0! | L18: =IF(K18>50,"Groesser50",IF(K18<-50,"Kleiner -50","OK")) -> #DIV/0!
A19: ESO 157-30 | B19: GiG | C19: 66.88600968933 | D19: -54.19679156960999 | H19: 3024556 | I19: =_xlfn.IFS(F19="Mpc",E19*$O$1,F19="kpc",E19*$S$1,F19="pc",E19*$W$1,F19="Lj",E19,E19="",0) -> 0 | J19: =AVERAGEIFS(I:I,A:A,A19) -> 0 | K19: =(I19/J19-1)*100 -> #DIV/0! | L19: =IF(K19>50,"Groesser50",IF(K19<-50,"Kleiner -50","OK")) -> #DIV/0!
A20: ESO 157-47 | B20: AG? | C20: 69.82972 | D20: -54.21151 | E20: 21.491 | F20: Mpc | H20: 3011851 | I20: =_xlfn.IFS(F20="Mpc",E20*$O$1,F20="kpc",E20*$S$1,F20="pc",E20*$W$1,F20="Lj",E20,E20="",0) -> 70094267 | J20: =AVERAGEIFS(I:I,A:A,A20) -> 70094267 | K20: =(I20/J20-1)*100 -> 0 | L20: =IF(K20>50,"Groesser50",IF(K20<-50,"Kleiner -50","OK")) -> OK
A21: ESO 157-49 | B21: GiG | C21: 69.90367916666668 | D21: -53.01265 | E21: 19.32 | F21: Mpc | H21: 3012167 | I21: =_xlfn.IFS(F21="Mpc",E21*$O$1,F21="kpc",E21*$S$1,F21="pc",E21*$W$1,F21="Lj",E21,E21="",0) -> 63013412 | J21: =AVERAGEIFS(I:I,A:A,A21) -> 69777374 | K21: =(I21/J21-1)*100 -> -9.6936314 | L21: =IF(K21>50,"Groesser50",IF(K21<-50,"Kleiner -50","OK")) -> OK
A22: ESO 157-49 | B22: GiG | C22: 69.90367916666668 | D22: -53.01265 | E22: 23.6592 | F22: Mpc | H22: 3012167 | I22: =_xlfn.IFS(F22="Mpc",E22*$O$1,F22="kpc",E22*$S$1,F22="pc",E22*$W$1,F22="Lj",E22,E22="",0) -> 77165990 | J22: =AVERAGEIFS(I:I,A:A,A22) -> 69777374 | K22: =(I22/J22-1)*100 -> 10.588842 | L22: =IF(K22>50,"Groesser50",IF(K22<-50,"Kleiner -50","OK")) -> OK
A23: ESO 157-49 | B23: GiG | C23: 69.90367916666668 | D23: -53.01265 | E23: 23 | F23: Mpc | H23: 3012167 | I23: =_xlfn.IFS(F23="Mpc",E23*$O$1,F23="kpc",E23*$S$1,F23="pc",E23*$W$1,F23="Lj",E23,E23="",0) -> 75015967 | J23: =AVERAGEIFS(I:I,A:A,A23) -> 69777374 | K23: =(I23/J23-1)*100 -> 7.5075816 | L23: =IF(K23>50,"Groesser50",IF(K23<-50,"Kleiner -50","OK")) -> OK
A24: ESO 157-49 | B24: GiG | C24: 69.90367916666668 | D24: -53.01265 | E24: 18.62 | F24: Mpc | H24: 3012167 | I24: =_xlfn.IFS(F24="Mpc",E24*$O$1,F24="kpc",E24*$S$1,F24="pc",E24*$W$1,F24="Lj",E24,E24="",0) -> 60730318 | J24: =AVERAGEIFS(I:I,A:A,A24) -> 69777374 | K24: =(I24/J24-1)*100 -> -12.965601 | L24: =IF(K24>50,"Groesser50",IF(K24<-50,"Kleiner -50","OK")) -> OK
A25: ESO 157-49 | B25: GiG | C25: 69.90367916666668 | D25: -53.01265 | E25: 22.37 | F25: Mpc | H25: 3012167 | I25: =_xlfn.IFS(F25="Mpc",E25*$O$1,F25="kpc",E25*$S$1,F25="pc",E25*$W$1,F25="Lj",E25,E25="",0) -> 72961182 | J25: =AVERAGEIFS(I:I,A:A,A25) -> 69777374 | K25: =(I25/J25-1)*100 -> 4.5628087 | L25: =IF(K25>50,"Groesser50",IF(K25<-50,"Kleiner -50","OK")) -> OK
A26: ESO 302-14 | B26: GiG | C26: 57.92042000000001 | D26: -38.45222 | E26: 9.6 | F26: Mpc | H26: 687146 | I26: =_xlfn.IFS(F26="Mpc",E26*$O$1,F26="kpc",E26*$S$1,F26="pc",E26*$W$1,F26="Lj",E26,E26="",0) -> 31311012 | J26: =AVERAGEIFS(I:I,A:A,A26) -> 35877202 | K26: =(I26/J26-1)*100 -> -12.727273 | L26: =IF(K26>50,"Groesser50",IF(K26<-50,"Kleiner -50","OK")) -> OK
A27: ESO 302-14 | B27: GiG | C27: 57.92042000000001 | D27: -38.45222 | E27: 11.7 | F27: Mpc | H27: 687146 | I27: =_xlfn.IFS(F27="Mpc",E27*$O$1,F27="kpc",E27*$S$1,F27="pc",E27*$W$1,F27="Lj",E27,E27="",0) -> 38160296 | J27: =AVERAGEIFS(I:I,A:A,A27) -> 35877202 | K27: =(I27/J27-1)*100 -> 6.3636364 | L27: =IF(K27>50,"Groesser50",IF(K27<-50,"Kleiner -50","OK")) -> OK
A28: ESO 302-14 | B28: GiG | C28: 57.92042000000001 | D28: -38.45222 | E28: 11.7 | F28: Mpc | H28: 687146 | I28: =_xlfn.IFS(F28="Mpc",E28*$O$1,F28="kpc",E28*$S$1,F28="pc",E28*$W$1,F28="Lj",E28,E28="",0) -> 38160296 | J28: =AVERAGEIFS(I:I,A:A,A28) -> 35877202 | K28: =(I28/J28-1)*100 -> 6.3636364 | L28: =IF(K28>50,"Groesser50",IF(K28<-50,"Kleiner -50","OK")) -> OK
A29: ESO 302-9 | B29: EmG | C29: 56.89217 | D29: -38.57653 | E29: 21.98 | F29: Mpc | H29: 687144 | I29: =_xlfn.IFS(F29="Mpc",E29*$O$1,F29="kpc",E29*$S$1,F29="pc",E29*$W$1,F29="Lj",E29,E29="",0) -> 71689172 | J29: =AVERAGEIFS(I:I,A:A,A29) -> 60241083 | K29: =(I29/J29-1)*100 -> 19.00379 | L29: =IF(K29>50,"Groesser50",IF(K29<-50,"Kleiner -50","OK")) -> OK
A30: ESO 302-9 | B30: EmG | C30: 56.89217 | D30: -38.57653 | E30: 19.5 | F30: Mpc | H30: 687144 | I30: =_xlfn.IFS(F30="Mpc",E30*$O$1,F30="kpc",E30*$S$1,F30="pc",E30*$W$1,F30="Lj",E30,E30="",0) -> 63600494 | J30: =AVERAGEIFS(I:I,A:A,A30) -> 60241083 | K30: =(I30/J30-1)*100 -> 5.5766107 | L30: =IF(K30>50,"Groesser50",IF(K30<-50,"Kleiner -50","OK")) -> OK
A31: ESO 302-9 | B31: EmG | C31: 56.89217 | D31: -38.57653 | E31: 19 | F31: Mpc | H31: 687144 | I31: =_xlfn.IFS(F31="Mpc",E31*$O$1,F31="kpc",E31*$S$1,F31="pc",E31*$W$1,F31="Lj",E31,E31="",0) -> 61969712 | J31: =AVERAGEIFS(I:I,A:A,A31) -> 60241083 | K31: =(I31/J31-1)*100 -> 2.8695181 | L31: =IF(K31>50,"Groesser50",IF(K31<-50,"Kleiner -50","OK")) -> OK
... A43: ESO 357-7 | B43: EmG | C43: 47.5981078 | D43: -33.1535773 | E43: 15.3 | F43: Mpc | H43: 629108 | I43: =_xlfn.IFS(F43="Mpc",E43*$O$1,F43="kpc",E43*$S$1,F43="pc",E43*$W$1,F43="Lj",E43,E43="",0) -> 49901926 | J43: =AVERAGEIFS(I:I,A:A,A43) -> 53391799 | K43: =(I43/J43-1)*100 -> -6.536347 | L43: =IF(K43>50,"Groesser50",IF(K43<-50,"Kleiner -50","OK")) -> OK
A44: ESO 358-10 | B44: GiG | C44: 52.43027 | D44: -33.55694 | H44: 656175 | I44: =_xlfn.IFS(F44="Mpc",E44*$O$1,F44="kpc",E44*$S$1,F44="pc",E44*$W$1,F44="Lj",E44,E44="",0) -> 0 | J44: =AVERAGEIFS(I:I,A:A,A44) -> 0 | K44: =(I44/J44-1)*100 -> #DIV/0! | L44: =IF(K44>50,"Groesser50",IF(K44<-50,"Kleiner -50","OK")) -> #DIV/0!
A45: ESO 358-50 | B45: GiG | C45: 55.26503265065 | D45: -33.77924934877 | E45: 19.6789 | F45: Mpc | H45: 668170 | I45: =_xlfn.IFS(F45="Mpc",E45*$O$1,F45="kpc",E45*$S$1,F45="pc",E45*$W$1,F45="Lj",E45,E45="",0) -> 64183987 | J45: =AVERAGEIFS(I:I,A:A,A45) -> 61822044 | K45: =(I45/J45-1)*100 -> 3.8205513 | L45: =IF(K45>50,"Groesser50",IF(K45<-50,"Kleiner -50","OK")) -> OK
A46: ESO 358-50 | B46: GiG | C46: 55.26503265065 | D46: -33.77924934877 | E46: 19.77 | F46: Mpc | H46: 668170 | I46: =_xlfn.IFS(F46="Mpc",E46*$O$1,F46="kpc",E46*$S$1,F46="pc",E46*$W$1,F46="Lj",E46,E46="",0) -> 64481116 | J46: =AVERAGEIFS(I:I,A:A,A46) -> 61822044 | K46: =(I46/J46-1)*100 -> 4.3011703 | L46: =IF(K46>50,"Groesser50",IF(K46<-50,"Kleiner -50","OK")) -> OK
A47: ESO 358-50 | B47: GiG | C47: 55.26503265065 | D47: -33.77924934877 | E47: 19.77 | F47: Mpc | H47: 668170 | I47: =_xlfn.IFS(F47="Mpc",E47*$O$1,F47="kpc",E47*$S$1,F47="pc",E47*$W$1,F47="Lj",E47,E47="",0) -> 64481116 | J47: =AVERAGEIFS(I:I,A:A,A47) -> 61822044 | K47: =(I47/J47-1)*100 -> 4.3011703 | L47: =IF(K47>50,"Groesser50",IF(K47<-50,"Kleiner -50","OK")) -> OK
A48: ESO 358-50 | B48: GiG | C48: 55.26503265065 | D48: -33.77924934877 | E48: 16.6 | F48: Mpc | H48: 668170 | I48: =_xlfn.IFS(F48="Mpc",E48*$O$1,F48="kpc",E48*$S$1,F48="pc",E48*$W$1,F48="Lj",E48,E48="",0) -> 54141959 | J48: =AVERAGEIFS(I:I,A:A,A48) -> 61822044 | K48: =(I48/J48-1)*100 -> -12.422892 | L48: =IF(K48>50,"Groesser50",IF(K48<-50,"Kleiner -50","OK")) -> OK
A49: ESO 358-51 | B49: EmG | C49: 55.3858625 | D49: -34.888336111111116 | E49: 13.8 | F49: Mpc | H49: 669004 | I49: =_xlfn.IFS(F49="Mpc",E49*$O$1,F49="kpc",E49*$S$1,F49="pc",E49*$W$1,F49="Lj",E49,E49="",0) -> 45009580 | J49: =AVERAGEIFS(I:I,A:A,A49) -> 43729416 | K49: =(I49/J49-1)*100 -> 2.927466 | L49: =IF(K49>50,"Groesser50",IF(K49<-50,"Kleiner -50","OK")) -> OK
A50: ESO 358-51 | B50: EmG | C50: 55.3858625 | D50: -34.888336111111116 | E50: 14.3 | F50: Mpc | H50: 669004 | I50: =_xlfn.IFS(F50="Mpc",E50*$O$1,F50="kpc",E50*$S$1,F50="pc",E50*$W$1,F50="Lj",E50,E50="",0) -> 46640362 | J50: =AVERAGEIFS(I:I,A:A,A50) -> 43729416 | K50: =(I50/J50-1)*100 -> 6.656722 | L50: =IF(K50>50,"Groesser50",IF(K50<-50,"Kleiner -50","OK")) -> OK
A51: ESO 358-51 | B51: EmG | C51: 55.3858625 | D51: -34.888336111111116 | E51: 12.59 | F51: Mpc | H51: 669004 | I51: =_xlfn.IFS(F51="Mpc",E51*$O$1,F51="kpc",E51*$S$1,F51="pc",E51*$W$1,F51="Lj",E51,E51="",0) -> 41063088 | J51: =AVERAGEIFS(I:I,A:A,A51) -> 43729416 | K51: =(I51/J51-1)*100 -> -6.0973336 | L51: =IF(K51>50,"Groesser50",IF(K51<-50,"Kleiner -50","OK")) -> OK
A52: ESO 358-51 | B52: EmG | C52: 55.3858625 | D52: -34.888336111111116 | E52: 12.94 | F52: Mpc | H52: 669004 | I52: =_xlfn.IFS(F52="Mpc",E52*$O$1,F52="kpc",E52*$S$1,F52="pc",E52*$W$1,F52="Lj",E52,E52="",0) -> 42204635 | J52: =AVERAGEIFS(I:I,A:A,A52) -> 43729416 | K52: =(I52/J52-1)*100 -> -3.4868544 | L52: =IF(K52>50,"Groesser50",IF(K52<-50,"Kleiner -50","OK")) -> OK
A53: ESO 358-60 | B53: GiC | C53: 56.30059 | D53: -35.570910000000005 | E53: 15.7 | F53: Mpc | H53: 686564 | I53: =_xlfn.IFS(F53="Mpc",E53*$O$1,F53="kpc",E53*$S$1,F53="pc",E53*$W$1,F53="Lj",E53,E53="",0) -> 51206551 | J53: =AVERAGEIFS(I:I,A:A,A53) -> 44813886 | K53: =(I53/J53-1)*100 -> 14.26492 | L53: =IF(K53>50,"Groesser50",IF(K53<-50,"Kleiner -50","OK")) -> OK
A54: ESO 358-60 | B54: GiC | C54: 56.30059 | D54: -35.570910000000005 | E54: 15.7 | F54: Mpc | H54: 686564 | I54: =_xlfn.IFS(F54="Mpc",E54*$O$1,F54="kpc",E54*$S$1,F54="pc",E54*$W$1,F54="Lj",E54,E54="",0) -> 51206551 | J54: =AVERAGEIFS(I:I,A:A,A54) -> 44813886 | K54: =(I54/J54-1)*100 -> 14.26492 | L54: =IF(K54>50,"Groesser50",IF(K54<-50,"Kleiner -50","OK")) -> OK
A55: ESO 358-60 | B55: GiC | C55: 56.30059 | D55: -35.570910000000005 | E55: 10.8 | F55: Mpc | H55: 686564 | I55: =_xlfn.IFS(F55="Mpc",E55*$O$1,F55="kpc",E55*$S$1,F55="pc",E55*$W$1,F55="Lj",E55,E55="",0) -> 35224889 | J55: =AVERAGEIFS(I:I,A:A,A55) -> 44813886 | K55: =(I55/J55-1)*100 -> -21.39738 | L55: =IF(K55>50,"Groesser50",IF(K55<-50,"Kleiner -50","OK")) -> OK
A56: ESO 358-60 | B56: GiC | C56: 56.30059 | D56: -35.570910000000005 | E56: 15.7 | F56: Mpc | H56: 686564 | I56: =_xlfn.IFS(F56="Mpc",E56*$O$1,F56="kpc",E56*$S$1,F56="pc",E56*$W$1,F56="Lj",E56,E56="",0) -> 51206551 | J56: =AVERAGEIFS(I:I,A:A,A56) -> 44813886 | K56: =(I56/J56-1)*100 -> 14.26492 | L56: =IF(K56>50,"Groesser50",IF(K56<-50,"Kleiner -50","OK")) -> OK
... A117: IC 1070 | B117: GiP | C117: 223.46368048481997 | D117: 3.48462931384 | E117: 25.7 | F117: Mpc | H117: 2305126 | I117: =_xlfn.IFS(F117="Mpc",E117*$O$1,F117="kpc",E117*$S$1,F117="pc",E117*$W$1,F117="Lj",E117,E117="",0) -> 83822189 | J117: =AVERAGEIFS(I:I,A:A,A117) -> 83822189 | K117: =(I117/J117-1)*100 -> 0 | L117: =IF(K117>50,"Groesser50",IF(K117<-50,"Kleiner -50","OK")) -> OK
A118: IC 1574 | B118: AG? | C118: 10.7659 | D118: -22.24688 | E118: 4.92 | F118: Mpc | G118: 14.35 | H118: 1278073 | I118: =_xlfn.IFS(F118="Mpc",E118*$O$1,F118="kpc",E118*$S$1,F118="pc",E118*$W$1,F118="Lj",E118,E118="",0) -> 16046894 | J118: =AVERAGEIFS(I:I,A:A,A118) -> 16238511 | K118: =(I118/J118-1)*100 -> -1.1800151 | L118: =IF(K118>50,"Groesser50",IF(K118<-50,"Kleiner -50","OK")) -> OK
A119: IC 1574 | B119: AG? | C119: 10.7659 | D119: -22.24688 | E119: 4.92 | F119: Mpc | G119: 14.35 | H119: 1278073 | I119: =_xlfn.IFS(F119="Mpc",E119*$O$1,F119="kpc",E119*$S$1,F119="pc",E119*$W$1,F119="Lj",E119,E119="",0) -> 16046894 | J119: =AVERAGEIFS(I:I,A:A,A119) -> 16238511 | K119: =(I119/J119-1)*100 -> -1.1800151 | L119: =IF(K119>50,"Groesser50",IF(K119<-50,"Kleiner -50","OK")) -> OK
A120: IC 1574 | B120: AG? | C120: 10.7659 | D120: -22.24688 | E120: 4.92 | F120: Mpc | G120: 14.35 | H120: 1278073 | I120: =_xlfn.IFS(F120="Mpc",E120*$O$1,F120="kpc",E120*$S$1,F120="pc",E120*$W$1,F120="Lj",E120,E120="",0) -> 16046894 | J120: =AVERAGEIFS(I:I,A:A,A120) -> 16238511 | K120: =(I120/J120-1)*100 -> -1.1800151 | L120: =IF(K120>50,"Groesser50",IF(K120<-50,"Kleiner -50","OK")) -> OK
A121: IC 1574 | B121: AG? | C121: 10.7659 | D121: -22.24688 | E121: 4.92 | F121: Mpc | G121: 14.35 | H121: 1278073 | I121: =_xlfn.IFS(F121="Mpc",E121*$O$1,F121="kpc",E121*$S$1,F121="pc",E121*$W$1,F121="Lj",E121,E121="",0) -> 16046894 | J121: =AVERAGEIFS(I:I,A:A,A121) -> 16238511 | K121: =(I121/J121-1)*100 -> -1.1800151 | L121: =IF(K121>50,"Groesser50",IF(K121<-50,"Kleiner -50","OK")) -> OK
A122: IC 1574 | B122: AG? | C122: 10.7659 | D122: -22.24688 | E122: 5.5 | F122: Mpc | G122: 14.35 | H122: 1278073 | I122: =_xlfn.IFS(F122="Mpc",E122*$O$1,F122="kpc",E122*$S$1,F122="pc",E122*$W$1,F122="Lj",E122,E122="",0) -> 17938601 | J122: =AVERAGEIFS(I:I,A:A,A122) -> 16238511 | K122: =(I122/J122-1)*100 -> 10.469495 | L122: =IF(K122>50,"Groesser50",IF(K122<-50,"Kleiner -50","OK")) -> OK
A123: IC 1574 | B123: AG? | C123: 10.7659 | D123: -22.24688 | E123: 4.92 | F123: Mpc | G123: 14.35 | H123: 1278073 | I123: =_xlfn.IFS(F123="Mpc",E123*$O$1,F123="kpc",E123*$S$1,F123="pc",E123*$W$1,F123="Lj",E123,E123="",0) -> 16046894 | J123: =AVERAGEIFS(I:I,A:A,A123) -> 16238511 | K123: =(I123/J123-1)*100 -> -1.1800151 | L123: =IF(K123>50,"Groesser50",IF(K123<-50,"Kleiner -50","OK")) -> OK
A124: IC 1574 | B124: AG? | C124: 10.7659 | D124: -22.24688 | E124: 4.83 | F124: Mpc | G124: 14.35 | H124: 1278073 | I124: =_xlfn.IFS(F124="Mpc",E124*$O$1,F124="kpc",E124*$S$1,F124="pc",E124*$W$1,F124="Lj",E124,E124="",0) -> 15753353 | J124: =AVERAGEIFS(I:I,A:A,A124) -> 16238511 | K124: =(I124/J124-1)*100 -> -2.9876977 | L124: =IF(K124>50,"Groesser50",IF(K124<-50,"Kleiner -50","OK")) -> OK
A125: IC 1574 | B125: AG? | C125: 10.7659 | D125: -22.24688 | E125: 4.9 | F125: Mpc | G125: 14.35 | H125: 1278073 | I125: =_xlfn.IFS(F125="Mpc",E125*$O$1,F125="kpc",E125*$S$1,F125="pc",E125*$W$1,F125="Lj",E125,E125="",0) -> 15981663 | J125: =AVERAGEIFS(I:I,A:A,A125) -> 16238511 | K125: =(I125/J125-1)*100 -> -1.5817223 | L125: =IF(K125>50,"Groesser50",IF(K125<-50,"Kleiner -50","OK")) -> OK
A126: IC 1613 | B126: GiC | C126: 16.2016962 | D126: 2.1194958999999995 | E126: 0.72 | F126: Mpc | G126: 10.01 | H126: 1392063 | I126: =_xlfn.IFS(F126="Mpc",E126*$O$1,F126="kpc",E126*$S$1,F126="pc",E126*$W$1,F126="Lj",E126,E126="",0) -> 2348325.9 | J126: =AVERAGEIFS(I:I,A:A,A126) -> 2390824.1 | K126: =(I126/J126-1)*100 -> -1.7775534 | L126: =IF(K126>50,"Groesser50",IF(K126<-50,"Kleiner -50","OK")) -> OK
A127: IC 1613 | B127: GiC | C127: 16.2016962 | D127: 2.1194958999999995 | E127: 0.7 | F127: Mpc | G127: 10.01 | H127: 1392063 | I127: =_xlfn.IFS(F127="Mpc",E127*$O$1,F127="kpc",E127*$S$1,F127="pc",E127*$W$1,F127="Lj",E127,E127="",0) -> 2283094.6 | J127: =AVERAGEIFS(I:I,A:A,A127) -> 2390824.1 | K127: =(I127/J127-1)*100 -> -4.5059547 | L127: =IF(K127>50,"Groesser50",IF(K127<-50,"Kleiner -50","OK")) -> OK
A128: IC 1613 | B128: GiC | C128: 16.2016962 | D128: 2.1194958999999995 | E128: 0.65 | F128: Mpc | G128: 10.01 | H128: 1392063 | I128: =_xlfn.IFS(F128="Mpc",E128*$O$1,F128="kpc",E128*$S$1,F128="pc",E128*$W$1,F128="Lj",E128,E128="",0) -> 2120016.5 | J128: =AVERAGEIFS(I:I,A:A,A128) -> 2390824.1 | K128: =(I128/J128-1)*100 -> -11.326958 | L128: =IF(K128>50,"Groesser50",IF(K128<-50,"Kleiner -50","OK")) -> OK
A129: IC 1613 | B129: GiC | C129: 16.2016962 | D129: 2.1194958999999995 | E129: 698.23 | F129: kpc | G129: 10.01 | H129: 1392063 | I129: =_xlfn.IFS(F129="Mpc",E129*$O$1,F129="kpc",E129*$S$1,F129="pc",E129*$W$1,F129="Lj",E129,E129="",0) -> 2277321.7 | J129: =AVERAGEIFS(I:I,A:A,A129) -> 2390824.1 | K129: =(I129/J129-1)*100 -> -4.7474183 | L129: =IF(K129>50,"Groesser50",IF(K129<-50,"Kleiner -50","OK")) -> OK
... A136: IC 1613 | B136: GiC | C136: 16.2016962 | D136: 2.1194958999999995 | E136: 0.81 | F136: Mpc | G136: 10.01 | H136: 1392063 | I136: =_xlfn.IFS(F136="Mpc",E136*$O$1,F136="kpc",E136*$S$1,F136="pc",E136*$W$1,F136="Lj",E136,E136="",0) -> 2641866.7 | J136: =AVERAGEIFS(I:I,A:A,A136) -> 2390824.1 | K136: =(I136/J136-1)*100 -> 10.500252 | L136: =IF(K136>50,"Groesser50",IF(K136<-50,"Kleiner -50","OK")) -> OK
A137: IC 1898 | B137: Sy2 | C137: 47.57945833333333 | D137: -22.406019444444443 | E137: 20.14 | F137: Mpc | H137: 627916 | I137: =_xlfn.IFS(F137="Mpc",E137*$O$1,F137="kpc",E137*$S$1,F137="pc",E137*$W$1,F137="Lj",E137,E137="",0) -> 65687894 | J137: =AVERAGEIFS(I:I,A:A,A137) -> 63395481 | K137: =(I137/J137-1)*100 -> 3.6160517 | L137: =IF(K137>50,"Groesser50",IF(K137<-50,"Kleiner -50","OK")) -> OK
A138: IC 1898 | B138: Sy2 | C138: 47.57945833333333 | D138: -22.406019444444443 | E138: 20.32 | F138: Mpc | H138: 627916 | I138: =_xlfn.IFS(F138="Mpc",E138*$O$1,F138="kpc",E138*$S$1,F138="pc",E138*$W$1,F138="Lj",E138,E138="",0) -> 66274976 | J138: =AVERAGEIFS(I:I,A:A,A138) -> 63395481 | K138: =(I138/J138-1)*100 -> 4.5421138 | L138: =IF(K138>50,"Groesser50",IF(K138<-50,"Kleiner -50","OK")) -> OK
A139: IC 1898 | B139: Sy2 | C139: 47.57945833333333 | D139: -22.406019444444443 | E139: 20.1 | F139: Mpc | H139: 627916 | I139: =_xlfn.IFS(F139="Mpc",E139*$O$1,F139="kpc",E139*$S$1,F139="pc",E139*$W$1,F139="Lj",E139,E139="",0) -> 65557432 | J139: =AVERAGEIFS(I:I,A:A,A139) -> 63395481 | K139: =(I139/J139-1)*100 -> 3.4102602 | L139: =IF(K139>50,"Groesser50",IF(K139<-50,"Kleiner -50","OK")) -> OK
A140: IC 1898 | B140: Sy2 | C140: 47.57945833333333 | D140: -22.406019444444443 | E140: 20.42 | F140: Mpc | H140: 627916 | I140: =_xlfn.IFS(F140="Mpc",E140*$O$1,F140="kpc",E140*$S$1,F140="pc",E140*$W$1,F140="Lj",E140,E140="",0) -> 66601132 | J140: =AVERAGEIFS(I:I,A:A,A140) -> 63395481 | K140: =(I140/J140-1)*100 -> 5.0565927 | L140: =IF(K140>50,"Groesser50",IF(K140<-50,"Kleiner -50","OK")) -> OK
A141: IC 1898 | B141: Sy2 | C141: 47.57945833333333 | D141: -22.406019444444443 | E141: 19 | F141: Mpc | H141: 627916 | I141: =_xlfn.IFS(F141="Mpc",E141*$O$1,F141="kpc",E141*$S$1,F141="pc",E141*$W$1,F141="Lj",E141,E141="",0) -> 61969712 | J141: =AVERAGEIFS(I:I,A:A,A141) -> 63395481 | K141: =(I141/J141-1)*100 -> -2.2490078 | L141: =IF(K141>50,"Groesser50",IF(K141<-50,"Kleiner -50","OK")) -> OK
A142: IC 1898 | B142: Sy2 | C142: 47.57945833333333 | D142: -22.406019444444443 | E142: 17.68 | F142: Mpc | H142: 627916 | I142: =_xlfn.IFS(F142="Mpc",E142*$O$1,F142="kpc",E142*$S$1,F142="pc",E142*$W$1,F142="Lj",E142,E142="",0) -> 57664448 | J142: =AVERAGEIFS(I:I,A:A,A142) -> 63395481 | K142: =(I142/J142-1)*100 -> -9.0401294 | L142: =IF(K142>50,"Groesser50",IF(K142<-50,"Kleiner -50","OK")) -> OK
A143: IC 1898 | B143: Sy2 | C143: 47.57945833333333 | D143: -22.406019444444443 | E143: 18.4 | F143: Mpc | H143: 627916 | I143: =_xlfn.IFS(F143="Mpc",E143*$O$1,F143="kpc",E143*$S$1,F143="pc",E143*$W$1,F143="Lj",E143,E143="",0) -> 60012773 | J143: =AVERAGEIFS(I:I,A:A,A143) -> 63395481 | K143: =(I143/J143-1)*100 -> -5.3358812 | L143: =IF(K143>50,"Groesser50",IF(K143<-50,"Kleiner -50","OK")) -> OK
A144: IC 1913 | B144: EmG | C144: 49.89407500000001 | D144: -32.465113888888894 | E144: 20.23 | F144: Mpc | H144: 637163 | I144: =_xlfn.IFS(F144="Mpc",E144*$O$1,F144="kpc",E144*$S$1,F144="pc",E144*$W$1,F144="Lj",E144,E144="",0) -> 65981435 | J144: =AVERAGEIFS(I:I,A:A,A144) -> 67193650 | K144: =(I144/J144-1)*100 -> -1.8040612 | L144: =IF(K144>50,"Groesser50",IF(K144<-50,"Kleiner -50","OK")) -> OK
A145: IC 1913 | B145: EmG | C145: 49.89407500000001 | D145: -32.465113888888894 | E145: 21.09 | F145: Mpc | H145: 637163 | I145: =_xlfn.IFS(F145="Mpc",E145*$O$1,F145="kpc",E145*$S$1,F145="pc",E145*$W$1,F145="Lj",E145,E145="",0) -> 68786380 | J145: =AVERAGEIFS(I:I,A:A,A145) -> 67193650 | K145: =(I145/J145-1)*100 -> 2.3703584 | L145: =IF(K145>50,"Groesser50",IF(K145<-50,"Kleiner -50","OK")) -> OK
A146: IC 1913 | B146: EmG | C146: 49.89407500000001 | D146: -32.465113888888894 | E146: 19.8 | F146: Mpc | H146: 637163 | I146: =_xlfn.IFS(F146="Mpc",E146*$O$1,F146="kpc",E146*$S$1,F146="pc",E146*$W$1,F146="Lj",E146,E146="",0) -> 64578963 | J146: =AVERAGEIFS(I:I,A:A,A146) -> 67193650 | K146: =(I146/J146-1)*100 -> -3.8912709 | L146: =IF(K146>50,"Groesser50",IF(K146<-50,"Kleiner -50","OK")) -> OK
A147: IC 1913 | B147: EmG | C147: 49.89407500000001 | D147: -32.465113888888894 | E147: 21.38 | F147: Mpc | H147: 637163 | I147: =_xlfn.IFS(F147="Mpc",E147*$O$1,F147="kpc",E147*$S$1,F147="pc",E147*$W$1,F147="Lj",E147,E147="",0) -> 69732234 | J147: =AVERAGEIFS(I:I,A:A,A147) -> 67193650 | K147: =(I147/J147-1)*100 -> 3.7780115 | L147: =IF(K147>50,"Groesser50",IF(K147<-50,"Kleiner -50","OK")) -> OK
A148: IC 1913 | B148: EmG | C148: 49.89407500000001 | D148: -32.465113888888894 | E148: 23 | F148: Mpc | H148: 637163 | I148: =_xlfn.IFS(F148="Mpc",E148*$O$1,F148="kpc",E148*$S$1,F148="pc",E148*$W$1,F148="Lj",E148,E148="",0) -> 75015967 | J148: =AVERAGEIFS(I:I,A:A,A148) -> 67193650 | K148: =(I148/J148-1)*100 -> 11.641453 | L148: =IF(K148>50,"Groesser50",IF(K148<-50,"Kleiner -50","OK")) -> OK
... A167: IC 2006 | B167: EmG | C167: 58.61859507635 | D167: -35.96713156181001 | E167: 20.04 | F167: Mpc | H167: 686710 | I167: =_xlfn.IFS(F167="Mpc",E167*$O$1,F167="kpc",E167*$S$1,F167="pc",E167*$W$1,F167="Lj",E167,E167="",0) -> 65361738 | J167: =AVERAGEIFS(I:I,A:A,A167) -> 62942745 | K167: =(I167/J167-1)*100 -> 3.8431643 | L167: =IF(K167>50,"Groesser50",IF(K167<-50,"Kleiner -50","OK")) -> OK
A168: IC 2032 | B168: EmG | C168: 61.76266 | D168: -55.32383 | E168: 14.3 | F168: Mpc | G168: 14.73 | H168: 3025654 | I168: =_xlfn.IFS(F168="Mpc",E168*$O$1,F168="kpc",E168*$S$1,F168="pc",E168*$W$1,F168="Lj",E168,E168="",0) -> 46640362 | J168: =AVERAGEIFS(I:I,A:A,A168) -> 46640362 | K168: =(I168/J168-1)*100 -> 0 | L168: =IF(K168>50,"Groesser50",IF(K168<-50,"Kleiner -50","OK")) -> OK
A169: IC 2038 | B169: GiP | C169: 62.22398748881001 | D169: -55.9893828178 | E169: 24000000 | F169: Lj | H169: 3039053 | I169: =_xlfn.IFS(F169="Mpc",E169*$O$1,F169="kpc",E169*$S$1,F169="pc",E169*$W$1,F169="Lj",E169,E169="",0) -> 24000000 | J169: =AVERAGEIFS(I:I,A:A,A169) -> 24000000 | K169: =(I169/J169-1)*100 -> 0 | L169: =IF(K169>50,"Groesser50",IF(K169<-50,"Kleiner -50","OK")) -> OK | M169: https://de.wikipedia.org/wiki/IC_2038
A170: IC 2049 | B170: AG? | C170: 63.01783 | D170: -58.557 | E170: 16.7 | F170: Mpc | G170: 14.74 | H170: 3038665 | I170: =_xlfn.IFS(F170="Mpc",E170*$O$1,F170="kpc",E170*$S$1,F170="pc",E170*$W$1,F170="Lj",E170,E170="",0) -> 54468115 | J170: =AVERAGEIFS(I:I,A:A,A170) -> 54468115 | K170: =(I170/J170-1)*100 -> 0 | L170: =IF(K170>50,"Groesser50",IF(K170<-50,"Kleiner -50","OK")) -> OK
A171: IC 2056 | B171: GiG | C171: 64.10212629247 | D171: -60.20678268484001 | E171: 14.57 | F171: Mpc | H171: 3055166 | I171: =_xlfn.IFS(F171="Mpc",E171*$O$1,F171="kpc",E171*$S$1,F171="pc",E171*$W$1,F171="Lj",E171,E171="",0) -> 47520984 | J171: =AVERAGEIFS(I:I,A:A,A171) -> 47520984 | K171: =(I171/J171-1)*100 -> 0 | L171: =IF(K171>50,"Groesser50",IF(K171<-50,"Kleiner -50","OK")) -> OK
A172: IC 2058 | B172: EmG | C172: 64.47655023026 | D172: -55.932705095100005 | E172: 15 | F172: Mpc | H172: 3025282 | I172: =_xlfn.IFS(F172="Mpc",E172*$O$1,F172="kpc",E172*$S$1,F172="pc",E172*$W$1,F172="Lj",E172,E172="",0) -> 48923457 | J172: =AVERAGEIFS(I:I,A:A,A172) -> 56849057 | K172: =(I172/J172-1)*100 -> -13.94148 | L172: =IF(K172>50,"Groesser50",IF(K172<-50,"Kleiner -50","OK")) -> OK
A173: IC 2058 | B173: EmG | C173: 64.47655023026 | D173: -55.932705095100005 | E173: 17.79 | F173: Mpc | H173: 3025282 | I173: =_xlfn.IFS(F173="Mpc",E173*$O$1,F173="kpc",E173*$S$1,F173="pc",E173*$W$1,F173="Lj",E173,E173="",0) -> 58023220 | J173: =AVERAGEIFS(I:I,A:A,A173) -> 56849057 | K173: =(I173/J173-1)*100 -> 2.0654045 | L173: =IF(K173>50,"Groesser50",IF(K173<-50,"Kleiner -50","OK")) -> OK
A174: IC 2058 | B174: EmG | C174: 64.47655023026 | D174: -55.932705095100005 | E174: 18.03 | F174: Mpc | H174: 3025282 | I174: =_xlfn.IFS(F174="Mpc",E174*$O$1,F174="kpc",E174*$S$1,F174="pc",E174*$W$1,F174="Lj",E174,E174="",0) -> 58805995 | J174: =AVERAGEIFS(I:I,A:A,A174) -> 56849057 | K174: =(I174/J174-1)*100 -> 3.4423408 | L174: =IF(K174>50,"Groesser50",IF(K174<-50,"Kleiner -50","OK")) -> OK
A175: IC 2058 | B175: EmG | C175: 64.47655023026 | D175: -55.932705095100005 | E175: 18.9 | F175: Mpc | H175: 3025282 | I175: =_xlfn.IFS(F175="Mpc",E175*$O$1,F175="kpc",E175*$S$1,F175="pc",E175*$W$1,F175="Lj",E175,E175="",0) -> 61643555 | J175: =AVERAGEIFS(I:I,A:A,A175) -> 56849057 | K175: =(I175/J175-1)*100 -> 8.4337349 | L175: =IF(K175>50,"Groesser50",IF(K175<-50,"Kleiner -50","OK")) -> OK
A176: IC 2085 | B176: GiP | C176: 67.85098333333333 | D176: -54.41687499999999 | E176: 15.07 | F176: Mpc | H176: 3025291 | I176: =_xlfn.IFS(F176="Mpc",E176*$O$1,F176="kpc",E176*$S$1,F176="pc",E176*$W$1,F176="Lj",E176,E176="",0) -> 49151766 | J176: =AVERAGEIFS(I:I,A:A,A176) -> 56653363 | K176: =(I176/J176-1)*100 -> -13.24122 | L176: =IF(K176>50,"Groesser50",IF(K176<-50,"Kleiner -50","OK")) -> OK
A177: IC 2085 | B177: GiP | C177: 67.85098333333333 | D177: -54.41687499999999 | E177: 20.99 | F177: Mpc | H177: 3025291 | I177: =_xlfn.IFS(F177="Mpc",E177*$O$1,F177="kpc",E177*$S$1,F177="pc",E177*$W$1,F177="Lj",E177,E177="",0) -> 68460224 | J177: =AVERAGEIFS(I:I,A:A,A177) -> 56653363 | K177: =(I177/J177-1)*100 -> 20.84053 | L177: =IF(K177>50,"Groesser50",IF(K177<-50,"Kleiner -50","OK")) -> OK
A178: IC 2085 | B178: GiP | C178: 67.85098333333333 | D178: -54.41687499999999 | E178: 20.99 | F178: Mpc | H178: 3025291 | I178: =_xlfn.IFS(F178="Mpc",E178*$O$1,F178="kpc",E178*$S$1,F178="pc",E178*$W$1,F178="Lj",E178,E178="",0) -> 68460224 | J178: =AVERAGEIFS(I:I,A:A,A178) -> 56653363 | K178: =(I178/J178-1)*100 -> 20.84053 | L178: =IF(K178>50,"Groesser50",IF(K178<-50,"Kleiner -50","OK")) -> OK
A179: IC 2085 | B179: GiP | C179: 67.85098333333333 | D179: -54.41687499999999 | E179: 12.43 | F179: Mpc | H179: 3025291 | I179: =_xlfn.IFS(F179="Mpc",E179*$O$1,F179="kpc",E179*$S$1,F179="pc",E179*$W$1,F179="Lj",E179,E179="",0) -> 40541238 | J179: =AVERAGEIFS(I:I,A:A,A179) -> 56653363 | K179: =(I179/J179-1)*100 -> -28.439839 | L179: =IF(K179>50,"Groesser50",IF(K179<-50,"Kleiner -50","OK")) -> OK
A180: IC 2574 | B180: AG? | C180: 157.09839534642 | D180: 68.41206667021 | E180: 3.81 | F180: Mpc | G180: 10.87 | H180: 449599 | I180: =_xlfn.IFS(F180="Mpc",E180*$O$1,F180="kpc",E180*$S$1,F180="pc",E180*$W$1,F180="Lj",E180,E180="",0) -> 12426558 | J180: =AVERAGEIFS(I:I,A:A,A180) -> 12825964 | K180: =(I180/J180-1)*100 -> -3.1140402 | L180: =IF(K180>50,"Groesser50",IF(K180<-50,"Kleiner -50","OK")) -> OK
A181: IC 2574 | B181: AG? | C181: 157.09839534642 | D181: 68.41206667021 | E181: 4.02 | F181: Mpc | G181: 10.87 | H181: 449599 | I181: =_xlfn.IFS(F181="Mpc",E181*$O$1,F181="kpc",E181*$S$1,F181="pc",E181*$W$1,F181="Lj",E181,E181="",0) -> 13111486 | J181: =AVERAGEIFS(I:I,A:A,A181) -> 12825964 | K181: =(I181/J181-1)*100 -> 2.2261308 | L181: =IF(K181>50,"Groesser50",IF(K181<-50,"Kleiner -50","OK")) -> OK
A182: IC 2574 | B182: AG? | C182: 157.09839534642 | D182: 68.41206667021 | E182: 3.93 | F182: Mpc | G182: 10.87 | H182: 449599 | I182: =_xlfn.IFS(F182="Mpc",E182*$O$1,F182="kpc",E182*$S$1,F182="pc",E182*$W$1,F182="Lj",E182,E182="",0) -> 12817946 | J182: =AVERAGEIFS(I:I,A:A,A182) -> 12825964 | K182: =(I182/J182-1)*100 -> -0.062513907 | L182: =IF(K182>50,"Groesser50",IF(K182<-50,"Kleiner -50","OK")) -> OK
A183: IC 2574 | B183: AG? | C183: 157.09839534642 | D183: 68.41206667021 | E183: 3.9995 | F183: Mpc | G183: 10.87 | H183: 449599 | I183: =_xlfn.IFS(F183="Mpc",E183*$O$1,F183="kpc",E183*$S$1,F183="pc",E183*$W$1,F183="Lj",E183,E183="",0) -> 13044624 | J183: =AVERAGEIFS(I:I,A:A,A183) -> 12825964 | K183: =(I183/J183-1)*100 -> 1.7048284 | L183: =IF(K183>50,"Groesser50",IF(K183<-50,"Kleiner -50","OK")) -> OK
A184: IC 2574 | B184: AG? | C184: 157.09839534642 | D184: 68.41206667021 | E184: 3.93 | F184: Mpc | G184: 10.87 | H184: 449599 | I184: =_xlfn.IFS(F184="Mpc",E184*$O$1,F184="kpc",E184*$S$1,F184="pc",E184*$W$1,F184="Lj",E184,E184="",0) -> 12817946 | J184: =AVERAGEIFS(I:I,A:A,A184) -> 12825964 | K184: =(I184/J184-1)*100 -> -0.062513907 | L184: =IF(K184>50,"Groesser50",IF(K184<-50,"Kleiner -50","OK")) -> OK
A185: IC 2574 | B185: AG? | C185: 157.09839534642 | D185: 68.41206667021 | E185: 3.89 | F185: Mpc | G185: 10.87 | H185: 449599 | I185: =_xlfn.IFS(F185="Mpc",E185*$O$1,F185="kpc",E185*$S$1,F185="pc",E185*$W$1,F185="Lj",E185,E185="",0) -> 12687483 | J185: =AVERAGEIFS(I:I,A:A,A185) -> 12825964 | K185: =(I185/J185-1)*100 -> -1.0796893 | L185: =IF(K185>50,"Groesser50",IF(K185<-50,"Kleiner -50","OK")) -> OK
A186: IC 2574 | B186: AG? | C186: 157.09839534642 | D186: 68.41206667021 | E186: 3.91 | F186: Mpc | G186: 10.87 | H186: 449599 | I186: =_xlfn.IFS(F186="Mpc",E186*$O$1,F186="kpc",E186*$S$1,F186="pc",E186*$W$1,F186="Lj",E186,E186="",0) -> 12752714 | J186: =AVERAGEIFS(I:I,A:A,A186) -> 12825964 | K186: =(I186/J186-1)*100 -> -0.57110162 | L186: =IF(K186>50,"Groesser50",IF(K186<-50,"Kleiner -50","OK")) -> OK
A187: IC 2574 | B187: AG? | C187: 157.09839534642 | D187: 68.41206667021 | E187: 3.89 | F187: Mpc | G187: 10.87 | H187: 449599 | I187: =_xlfn.IFS(F187="Mpc",E187*$O$1,F187="kpc",E187*$S$1,F187="pc",E187*$W$1,F187="Lj",E187,E187="",0) -> 12687483 | J187: =AVERAGEIFS(I:I,A:A,A187) -> 12825964 | K187: =(I187/J187-1)*100 -> -1.0796893 | L187: =IF(K187>50,"Groesser50",IF(K187<-50,"Kleiner -50","OK")) -> OK
A188: IC 2574 | B188: AG? | C188: 157.09839534642 | D188: 68.41206667021 | E188: 4.02 | F188: Mpc | G188: 10.87 | H188: 449599 | I188: =_xlfn.IFS(F188="Mpc",E188*$O$1,F188="kpc",E188*$S$1,F188="pc",E188*$W$1,F188="Lj",E188,E188="",0) -> 13111486 | J188: =AVERAGEIFS(I:I,A:A,A188) -> 12825964 | K188: =(I188/J188-1)*100 -> 2.2261308 | L188: =IF(K188>50,"Groesser50",IF(K188<-50,"Kleiner -50","OK")) -> OK
A189: IC 2574 | B189: AG? | C189: 157.09839534642 | D189: 68.41206667021 | E189: 4.09 | F189: Mpc | G189: 10.87 | H189: 449599 | I189: =_xlfn.IFS(F189="Mpc",E189*$O$1,F189="kpc",E189*$S$1,F189="pc",E189*$W$1,F189="Lj",E189,E189="",0) -> 13339796 | J189: =AVERAGEIFS(I:I,A:A,A189) -> 12825964 | K189: =(I189/J189-1)*100 -> 4.0061878 | L189: =IF(K189>50,"Groesser50",IF(K189<-50,"Kleiner -50","OK")) -> OK
A190: IC 2574 | B190: AG? | C190: 157.09839534642 | D190: 68.41206667021 | E190: 3.7 | F190: Mpc | G190: 10.87 | H190: 449599 | I190: =_xlfn.IFS(F190="Mpc",E190*$O$1,F190="kpc",E190*$S$1,F190="pc",E190*$W$1,F190="Lj",E190,E190="",0) -> 12067786 | J190: =AVERAGEIFS(I:I,A:A,A190) -> 12825964 | K190: =(I190/J190-1)*100 -> -5.9112726 | L190: =IF(K190>50,"Groesser50",IF(K190<-50,"Kleiner -50","OK")) -> OK
A191: IC 2574 | B191: AG? | C191: 157.09839534642 | D191: 68.41206667021 | E191: 4 | F191: Mpc | G191: 10.87 | H191: 449599 | I191: =_xlfn.IFS(F191="Mpc",E191*$O$1,F191="kpc",E191*$S$1,F191="pc",E191*$W$1,F191="Lj",E191,E191="",0) -> 13046255 | J191: =AVERAGEIFS(I:I,A:A,A191) -> 12825964 | K191: =(I191/J191-1)*100 -> 1.7175431 | L191: =IF(K191>50,"Groesser50",IF(K191<-50,"Kleiner -50","OK")) -> OK
A192: IC 2604 | B192: GiP | C192: 162.35411249999999 | D192: 32.7727 | E192: 25.9 | F192: Mpc | H192: 1745097 | I192: =_xlfn.IFS(F192="Mpc",E192*$O$1,F192="kpc",E192*$S$1,F192="pc",E192*$W$1,F192="Lj",E192,E192="",0) -> 84474502 | J192: =AVERAGEIFS(I:I,A:A,A192) -> 84474502 | K192: =(I192/J192-1)*100 -> 0 | L192: =IF(K192>50,"Groesser50",IF(K192<-50,"Kleiner -50","OK")) -> OK
A193: IC 3687 | B193: GiG | C193: 190.56314201313 | D193: 38.50162350915 | E193: 4.57 | F193: Mpc | H193: 1950330 | I193: =_xlfn.IFS(F193="Mpc",E193*$O$1,F193="kpc",E193*$S$1,F193="pc",E193*$W$1,F193="Lj",E193,E193="",0) -> 14905346 | J193: =AVERAGEIFS(I:I,A:A,A193) -> 14854093 | K193: =(I193/J193-1)*100 -> 0.34504391 | L193: =IF(K193>50,"Groesser50",IF(K193<-50,"Kleiner -50","OK")) -> OK
A194: IC 3687 | B194: GiG | C194: 190.56314201313 | D194: 38.50162350915 | E194: 4.57 | F194: Mpc | H194: 1950330 | I194: =_xlfn.IFS(F194="Mpc",E194*$O$1,F194="kpc",E194*$S$1,F194="pc",E194*$W$1,F194="Lj",E194,E194="",0) -> 14905346 | J194: =AVERAGEIFS(I:I,A:A,A194) -> 14854093 | K194: =(I194/J194-1)*100 -> 0.34504391 | L194: =IF(K194>50,"Groesser50",IF(K194<-50,"Kleiner -50","OK")) -> OK
A195: IC 3687 | B195: GiG | C195: 190.56314201313 | D195: 38.50162350915 | E195: 4.56 | F195: Mpc | H195: 1950330 | I195: =_xlfn.IFS(F195="Mpc",E195*$O$1,F195="kpc",E195*$S$1,F195="pc",E195*$W$1,F195="Lj",E195,E195="",0) -> 14872731 | J195: =AVERAGEIFS(I:I,A:A,A195) -> 14854093 | K195: =(I195/J195-1)*100 -> 0.12547051 | L195: =IF(K195>50,"Groesser50",IF(K195<-50,"Kleiner -50","OK")) -> OK
...

Sheet No_duplicates
A1: id
A2: ACO 262
A3: ACO 347
A4: ACO 3202
A5: ACO 3565
A6: ACO 3581
A7: ACO 3656
A8: ACO 3698
A9: ACO 3742
A10: AM 1321-304
A11: Dwingeloo 1
A12: Dwingeloo 2
... A880: Luhman 16

Sheet preperation
A1: id | B1: otype | C1: ra | D1: dec | E1: distLj_mean | F1: V
A2: ACO 262 | B2: =VLOOKUP(A2,Objects_prepared!A:J,2,FALSE) -> ClG | C2: =VLOOKUP(A2,Objects_prepared!A:J,3,FALSE) -> 28.21 | D2: =VLOOKUP(A2,Objects_prepared!A:J,4,FALSE) -> 36.14611111111111 | E2: =VLOOKUP(A2,Objects_prepared!A:J,10,FALSE) -> 200000000 | F2: =VLOOKUP(A2,Objects_prepared!A:I,7,FALSE) -> 0
A3: ACO 347 | B3: =VLOOKUP(A3,Objects_prepared!A:J,2,FALSE) -> ClG | C3: =VLOOKUP(A3,Objects_prepared!A:J,3,FALSE) -> 36.45833333333333 | D3: =VLOOKUP(A3,Objects_prepared!A:J,4,FALSE) -> 41.875 | E3: =VLOOKUP(A3,Objects_prepared!A:J,10,FALSE) -> 250000000 | F3: =VLOOKUP(A3,Objects_prepared!A:I,7,FALSE) -> 0
A4: ACO 3202 | B4: =VLOOKUP(A4,Objects_prepared!A:J,2,FALSE) -> ClG | C4: =VLOOKUP(A4,Objects_prepared!A:J,3,FALSE) -> 60.05833333333333 | D4: =VLOOKUP(A4,Objects_prepared!A:J,4,FALSE) -> -53.66 | E4: =VLOOKUP(A4,Objects_prepared!A:J,10,FALSE) -> 920000000 | F4: =VLOOKUP(A4,Objects_prepared!A:I,7,FALSE) -> 0
A5: ACO 3565 | B5: =VLOOKUP(A5,Objects_prepared!A:J,2,FALSE) -> ClG | C5: =VLOOKUP(A5,Objects_prepared!A:J,3,FALSE) -> 204.1625 | D5: =VLOOKUP(A5,Objects_prepared!A:J,4,FALSE) -> -33.97166666666667 | E5: =VLOOKUP(A5,Objects_prepared!A:J,10,FALSE) -> 161000000 | F5: =VLOOKUP(A5,Objects_prepared!A:I,7,FALSE) -> 0
A6: ACO 3581 | B6: =VLOOKUP(A6,Objects_prepared!A:J,2,FALSE) -> ClG | C6: =VLOOKUP(A6,Objects_prepared!A:J,3,FALSE) -> 211.87416666666667 | D6: =VLOOKUP(A6,Objects_prepared!A:J,4,FALSE) -> -27.017777777777777 | E6: =VLOOKUP(A6,Objects_prepared!A:J,10,FALSE) -> 278000000 | F6: =VLOOKUP(A6,Objects_prepared!A:I,7,FALSE) -> 0
A7: ACO 3656 | B7: =VLOOKUP(A7,Objects_prepared!A:J,2,FALSE) -> GrG | C7: =VLOOKUP(A7,Objects_prepared!A:J,3,FALSE) -> 299.7245833333333 | D7: =VLOOKUP(A7,Objects_prepared!A:J,4,FALSE) -> -38.34527777777778 | E7: =VLOOKUP(A7,Objects_prepared!A:J,10,FALSE) -> 269000000 | F7: =VLOOKUP(A7,Objects_prepared!A:I,7,FALSE) -> 0
A8: ACO 3698 | B8: =VLOOKUP(A8,Objects_prepared!A:J,2,FALSE) -> ClG | C8: =VLOOKUP(A8,Objects_prepared!A:J,3,FALSE) -> 308.9916666666667 | D8: =VLOOKUP(A8,Objects_prepared!A:J,4,FALSE) -> -25.276666666666667 | E8: =VLOOKUP(A8,Objects_prepared!A:J,10,FALSE) -> 264000000 | F8: =VLOOKUP(A8,Objects_prepared!A:I,7,FALSE) -> 0
A9: ACO 3742 | B9: =VLOOKUP(A9,Objects_prepared!A:J,2,FALSE) -> ClG | C9: =VLOOKUP(A9,Objects_prepared!A:J,3,FALSE) -> 316.67083333333335 | D9: =VLOOKUP(A9,Objects_prepared!A:J,4,FALSE) -> -47.14833333333333 | E9: =VLOOKUP(A9,Objects_prepared!A:J,10,FALSE) -> 2.2830946e+08 | F9: =VLOOKUP(A9,Objects_prepared!A:I,7,FALSE) -> 0
A10: AM 1321-304 | B10: =VLOOKUP(A10,Objects_prepared!A:J,2,FALSE) -> GiC | C10: =VLOOKUP(A10,Objects_prepared!A:J,3,FALSE) -> 201.15095999999997 | D10: =VLOOKUP(A10,Objects_prepared!A:J,4,FALSE) -> -30.971809999999994 | E10: =VLOOKUP(A10,Objects_prepared!A:J,10,FALSE) -> 15519608 | F10: =VLOOKUP(A10,Objects_prepared!A:I,7,FALSE) -> 0
A11: Dwingeloo 1 | B11: =VLOOKUP(A11,Objects_prepared!A:J,2,FALSE) -> GiG | C11: =VLOOKUP(A11,Objects_prepared!A:J,3,FALSE) -> 44.21514973175001 | D11: =VLOOKUP(A11,Objects_prepared!A:J,4,FALSE) -> 58.91170468878 | E11: =VLOOKUP(A11,Objects_prepared!A:J,10,FALSE) -> 13502874 | F11: =VLOOKUP(A11,Objects_prepared!A:I,7,FALSE) -> 0
A12: Dwingeloo 2 | B12: =VLOOKUP(A12,Objects_prepared!A:J,2,FALSE) -> G | C12: =VLOOKUP(A12,Objects_prepared!A:J,3,FALSE) -> 43.535291666666666 | D12: =VLOOKUP(A12,Objects_prepared!A:J,4,FALSE) -> 59.00530555555556 | E12: =VLOOKUP(A12,Objects_prepared!A:J,10,FALSE) -> 11350242 | F12: =VLOOKUP(A12,Objects_prepared!A:I,7,FALSE) -> 0
A13: ESO 118-19 | B13: =VLOOKUP(A13,Objects_prepared!A:J,2,FALSE) -> EmG | C13: =VLOOKUP(A13,Objects_prepared!A:J,3,FALSE) -> 64.74794232692 | D13: =VLOOKUP(A13,Objects_prepared!A:J,4,FALSE) -> -58.25753017908001 | E13: =VLOOKUP(A13,Objects_prepared!A:J,10,FALSE) -> 0 | F13: =VLOOKUP(A13,Objects_prepared!A:I,7,FALSE) -> 15.51
... A880: Luhman 16 | B880: =VLOOKUP(A880,Objects_prepared!A:J,2,FALSE) -> ** | C880: =VLOOKUP(A880,Objects_prepared!A:J,3,FALSE) -> 162.32881400000002 | D880: =VLOOKUP(A880,Objects_prepared!A:J,4,FALSE) -> -53.319466000000006 | E880: =VLOOKUP(A880,Objects_prepared!A:J,10,FALSE) -> 6.5231276 | F880: =VLOOKUP(A880,Objects_prepared!A:I,7,FALSE) -> 16.2

Sheet Consolidation
A1: id | B1: otype | C1: ra | D1: dec | E1: distLj_mean | F1: V
A2: ACO 262 | B2: ClG | C2: 28.21 | D2: 36.14611111111111 | E2: 200000000 | F2: 0
A3: ACO 347 | B3: ClG | C3: 36.45833333333333 | D3: 41.875 | E3: 250000000 | F3: 0
A4: ACO 3202 | B4: ClG | C4: 60.05833333333333 | D4: -53.66 | E4: 920000000 | F4: 0
A5: ACO 3565 | B5: ClG | C5: 204.1625 | D5: -33.97166666666667 | E5: 161000000 | F5: 0
A6: ACO 3581 | B6: ClG | C6: 211.87416666666667 | D6: -27.017777777777777 | E6: 278000000 | F6: 0
A7: ACO 3656 | B7: GrG | C7: 299.7245833333333 | D7: -38.34527777777778 | E7: 269000000 | F7: 0
A8: ACO 3698 | B8: ClG | C8: 308.9916666666667 | D8: -25.276666666666667 | E8: 264000000 | F8: 0
A9: ACO 3742 | B9: ClG | C9: 316.67083333333335 | D9: -47.14833333333333 | E9: 2.2830946e+08 | F9: 0
A10: AM 1321-304 | B10: GiC | C10: 201.15095999999997 | D10: -30.971809999999994 | E10: 15519608 | F10: 0
A11: Dwingeloo 1 | B11: GiG | C11: 44.21514973175001 | D11: 58.91170468878 | E11: 13502874 | F11: 0
A12: Dwingeloo 2 | B12: G | C12: 43.535291666666666 | D12: 59.00530555555556 | E12: 11350242 | F12: 0
A13: ESO 118-19 | B13: EmG | C13: 64.74794232692 | D13: -58.25753017908001 | E13: 0 | F13: 15.51
A14: ESO 157-30 | B14: GiG | C14: 66.88600968933 | D14: -54.19679156960999 | E14: 0 | F14: 0
A15: ESO 157-47 | B15: AG? | C15: 69.82972 | D15: -54.21151 | E15: 70094267 | F15: 0
A16: ESO 157-49 | B16: GiG | C16: 69.90367916666668 | D16: -53.01265 | E16: 69777374 | F16: 0
A17: ESO 302-14 | B17: GiG | C17: 57.92042000000001 | D17: -38.45222 | E17: 35877202 | F17: 0
A18: ESO 302-9 | B18: EmG | C18: 56.89217 | D18: -38.57653 | E18: 60241083 | F18: 0
A19: ESO 357-12 | B19: GiC | C19: 49.2221475 | D19: -35.541411399999994 | E19: 61911004 | F19: 0
A20: ESO 357-7 | B20: EmG | C20: 47.5981078 | D20: -33.1535773 | E20: 53391799 | F20: 0
A21: ESO 358-10 | B21: GiG | C21: 52.43027 | D21: -33.55694 | E21: 0 | F21: 0
A22: ESO 358-50 | B22: GiG | C22: 55.26503265065 | D22: -33.77924934877 | E22: 61822044 | F22: 0
A23: ESO 358-51 | B23: EmG | C23: 55.3858625 | D23: -34.888336111111116 | E23: 43729416 | F23: 0
A24: ESO 358-60 | B24: GiC | C24: 56.30059 | D24: -35.570910000000005 | E24: 44813886 | F24: 0
A25: ESO 358-9 | B25: GiG | C25: 52.20299166666667 | D25: -35.17815833333332 | E25: 62964040 | F25: 0
... A39: IC 1070 | B39: GiP | C39: 223.46368048481997 | D39: 3.48462931384 | E39: 83822189 | F39: 0
A40: IC 1574 | B40: AG? | C40: 10.7659 | D40: -22.24688 | E40: 16238511 | F40: 14.35
A41: IC 1613 | B41: GiC | C41: 16.2016962 | D41: 2.1194958999999995 | E41: 2390824.1 | F41: 10.01
A42: IC 1898 | B42: Sy2 | C42: 47.57945833333333 | D42: -22.406019444444443 | E42: 63395481 | F42: 0
A43: IC 1913 | B43: EmG | C43: 49.89407500000001 | D43: -32.465113888888894 | E43: 67193650 | F43: 0
A44: IC 1919 | B44: GiG | C44: 51.50922190699 | D44: -32.89453438438 | E44: 59996466 | F44: 0
A45: IC 1952 | B45: Sy2 | C45: 53.36116666666666 | D45: -23.712788888888884 | E45: 73151440 | F45: 0
A46: IC 1953 | B46: GiG | C46: 53.42452083333333 | D46: -21.47861944444444 | E46: 81669557 | F46: 0
A47: IC 1993 | B47: GiG | C47: 56.77015379321 | D47: -33.70996611048 | E47: 44911733 | F47: 0
A48: IC 2006 | B48: EmG | C48: 58.61859507635 | D48: -35.96713156181001 | E48: 62942745 | F48: 0
A49: IC 2032 | B49: EmG | C49: 61.76266 | D49: -55.32383 | E49: 46640362 | F49: 14.73
A50: IC 2038 | B50: GiP | C50: 62.22398748881001 | D50: -55.9893828178 | E50: 24000000 | F50: 0
A51: IC 2049 | B51: AG? | C51: 63.01783 | D51: -58.557 | E51: 54468115 | F51: 14.74
A52: IC 2056 | B52: GiG | C52: 64.10212629247 | D52: -60.20678268484001 | E52: 47520984 | F52: 0
A53: IC 2058 | B53: EmG | C53: 64.47655023026 | D53: -55.932705095100005 | E53: 56849057 | F53: 0
A54: IC 2085 | B54: GiP | C54: 67.85098333333333 | D54: -54.41687499999999 | E54: 56653363 | F54: 0
A55: IC 2574 | B55: AG? | C55: 157.09839534642 | D55: 68.41206667021 | E55: 12825964 | F55: 10.87
A56: IC 2604 | B56: GiP | C56: 162.35411249999999 | D56: 32.7727 | E56: 84474502 | F56: 0
A57: IC 3687 | B57: GiG | C57: 190.56314201313 | D57: 38.50162350915 | E57: 14854093 | F57: 0
A58: IC 4182 | B58: BiC | C58: 196.45311596836 | D58: 37.60360143269 | E58: 14615883 | F58: 0
A59: IC 4247 | B59: EmG | C59: 201.68511999999998 | D59: -30.362420000000004 | E59: 16601360 | F59: 14.28
A60: IC 4296 | B60: rG | C60: 204.16263555495834 | D60: -33.965853621333345 | E60: 1.529456e+08 | F60: 12.99
A61: IC 4316 | B61: EmG | C61: 205.07671 | D61: -28.892219999999995 | E61: 13726524 | F61: 15.93
A62: IC 4329 | B62: BiC | C62: 207.27214166666664 | D62: -30.29588888888889 | E62: 1.9587865e+08 | F62: 11.54
A63: IC 4374 | B63: QSO | C63: 211.87400954458332 | D63: -27.01785879708333 | E63: 3.3261427e+08 | F63: 0
A64: IC 5152 | B64: rG | C64: 330.6730041666667 | D64: -51.29644444444445 | E64: 6378686.9 | F64: 10.9
A65: LEDA 621 | B65: AG? | C65: 2.0548068 | D65: -34.5799544 | E65: 10474279 | F65: 0
A66: LEDA 1038 | B66: LSB | C66: 3.88004 | D66: -32.180530000000005 | E66: 6354613.4 | F66: 14.9
A67: LEDA 1641 | B67: AG? | C67: 6.63905 | D67: -41.85530000000001 | E67: 6501383.8 | F67: 15.3
A68: LEDA 2881 | B68: AG? | C68: 12.337340000000001 | D68: -18.07542 | E68: 11246959 | F68: 0
A69: LEDA 2933 | B69: LSB | C69: 12.602083333333335 | D69: -19.906388888888888 | E69: 11670962 | F69: 16.01
A70: LEDA 6430 | B70: AG? | C70: 26.265570000000004 | D70: -43.59804 | E70: 14677037 | F70: 12.63
A71: LEDA 12625 | B71: G | C71: 50.52416666666667 | D71: -37.586666666666666 | E71: 0 | F71: 0
A72: LEDA 13809 | B72: Sy2 | C72: 56.57919583333333 | D72: -34.94356388888888 | E72: 61210053 | F72: 0
A73: LEDA 23521 | B73: G | C73: 125.97958333333332 | D73: 71.03222222222222 | E73: 11517980 | F73: 0
A74: LEDA 28529 | B74: G | C74: 148.45333333333332 | D74: 68.96916666666667 | E74: 13443079 | F74: 0
A75: LEDA 28731 | B75: G | C75: 149.2612 | D75: 68.5917 | E75: 11591598 | F75: 0
A76: LEDA 28759 | B76: G | C76: 149.37083333333334 | D76: 69.27222222222223 | E76: 12627688 | F76: 0
A77: LEDA 29167 | B77: G | C77: 150.92958333333334 | D77: 68.69222222222223 | E77: 12605944 | F77: 0
A78: LEDA 29231 | B78: G | C78: 151.1679 | D78: 68.2556 | E78: 11891662 | F78: 16.72
A79: LEDA 30664 | B79: G | C79: 156.6163 | D79: 67.6567 | E79: 11474181 | F79: 0
A80: LEDA 31286 | B80: G | C80: 158.63291666666666 | D80: 66.01166666666667 | E80: 11095840 | F80: 0
A81: LEDA 32667 | B81: LSB | C81: 163.22958333333332 | D81: 69.5461111111111 | E81: 12616816 | F81: 0
A82: LEDA 45104 | B82: AG? | C82: 195.8880827 | D82: -46.58632359999999 | E82: 10507671 | F82: 0
A83: LEDA 45717 | B83: AG? | C83: 197.6366864 | D83: -46.9938185 | E83: 12230864 | F83: 0
A84: LEDA 45916 | B84: GiC | C84: 198.28833333333333 | D84: -44.88972222222222 | E84: 12217818 | F84: 0
A85: LEDA 46663 | B85: AG? | C85: 200.44749999999996 | D85: -45.06167 | E85: 12928839 | F85: 0
A86: LEDA 46680 | B86: G | C86: 200.50419999999997 | D86: -42.5356 | E86: 12485266 | F86: 0
A87: LEDA 47171 | B87: LSB | C87: 201.9067156 | D87: -41.4789245 | E87: 12212227 | F87: 0
A88: LEDA 47885 | B88: EmG | C88: 203.78387454421 | D88: -30.11756058401 | E88: 0 | F88: 15.8
A89: LEDA 48111 | B89: GiC | C89: 204.33328999999998 | D89: -28.045 | E89: 15734716 | F89: 15.05
A90: LEDA 48515 | B90: G | C90: 205.52374999999998 | D90: -45.205555555555556 | E90: 11904708 | F90: 0
A91: LEDA 48738 | B91: AG? | C91: 206.2543868 | D91: -41.8627758 | E91: 11505166 | F91: 0
A92: LEDA 49615 | B92: AG? | C92: 209.25571 | D92: -35.33297 | E92: 14681696 | F92: 0
A93: LEDA 50911 | B93: G | C93: 213.785803 | D93: 57.091941 | E93: 27971171 | F93: 0
A94: LEDA 69468 | B94: G | C94: 340.1816666666667 | D94: -30.798611111111114 | E94: 7305902.9 | F94: 0
A95: LEDA 72675 | B95: AG? | C95: 358.00895 | D95: -52.57607000000001 | E95: 23222334 | F95: 14.89
A96: LEDA 75146 | B96: GiG | C96: 65.71559 | D96: -56.22739 | E96: 0 | F96: 0
A97: LEDA 95594 | B97: G | C97: 89.91833333333334 | D97: 73.42777777777778 | E97: 14391650 | F97: 0
A98: LEDA 166068 | B98: G | C98: 38.89875000000001 | D98: 59.37888888888889 | E98: 11350242 | F98: 0
A99: LEDA 166069 | B99: GiG | C99: 43.9287625 | D99: 58.86095 | E99: 13360181 | F99: 0
A100: LEDA 166077 | B100: LSB | C100: 56.30708333333333 | D100: 67.86611111111111 | E100: 10371773 | F100: 0
A101: LEDA 166101 | B101: G | C101: 147.5417 | D101: 67.5067 | E101: 11819907 | F101: 0
A102: LEDA 166115 | B102: G | C102: 176.799855 | D102: 43.671887 | E102: 14742268 | F102: 0
A103: LEDA 166152 | B103: AG? | C103: 196.26173069999996 | D103: -40.0829738 | E103: 19259534 | F103: 0
A104: LEDA 166158 | B104: G | C104: 198.18749999999997 | D104: -41.83189999999999 | E104: 13907308 | F104: 0
A105: LEDA 166163 | B105: G | C105: 200.28541666666666 | D105: -31.530555555555555 | E105: 17009055 | F105: 0
A106: LEDA 166164 | B106: G | C106: 200.73416666666668 | D106: -33.57277777777778 | E106: 15981663 | F106: 0
A107: LEDA 166167 | B107: G | C107: 201.8658333333333 | D107: -45.35277777777778 | E107: 12296095 | F107: 0
... A129: LEDA 4689216 | B129: GiG | C129: 155.355 | D129: 71.1161 | E129: 12772284 | F129: 0
A130: M 32 | B130: GiG | C130: 10.67427 | D130: 40.86517 | E130: 2533147.9 | F130: 8.08
A131: M 65 | B131: GiP | C131: 169.73295193949 | D131: 13.092305751019998 | E131: 35710499 | F131: 0
A132: M 66 | B132: GiP | C132: 170.0626 | D132: 12.9915 | E132: 30540511 | F132: 8.92
A133: M 81 | B133: Sy2 | C133: 148.88821939854 | D133: 69.06529514038 | E133: 12050969 | F133: 6.94
A134: M 82 | B134: AGN | C134: 148.96845833333333 | D134: 69.67970277777778 | E134: 12759860 | F134: 8.41
...
